-- MySQL dump 10.13  Distrib 8.0.34, for Win64 (x86_64)
--
-- Host: localhost    Database: libreria
-- ------------------------------------------------------
-- Server version	8.0.34

/*!40101 SET @OLD_CHARACTER_SET_CLIENT=@@CHARACTER_SET_CLIENT */;
/*!40101 SET @OLD_CHARACTER_SET_RESULTS=@@CHARACTER_SET_RESULTS */;
/*!40101 SET @OLD_COLLATION_CONNECTION=@@COLLATION_CONNECTION */;
/*!50503 SET NAMES utf8 */;
/*!40103 SET @OLD_TIME_ZONE=@@TIME_ZONE */;
/*!40103 SET TIME_ZONE='+00:00' */;
/*!40014 SET @OLD_UNIQUE_CHECKS=@@UNIQUE_CHECKS, UNIQUE_CHECKS=0 */;
/*!40014 SET @OLD_FOREIGN_KEY_CHECKS=@@FOREIGN_KEY_CHECKS, FOREIGN_KEY_CHECKS=0 */;
/*!40101 SET @OLD_SQL_MODE=@@SQL_MODE, SQL_MODE='NO_AUTO_VALUE_ON_ZERO' */;
/*!40111 SET @OLD_SQL_NOTES=@@SQL_NOTES, SQL_NOTES=0 */;

--
-- Table structure for table `autores`
--

DROP TABLE IF EXISTS `autores`;
/*!40101 SET @saved_cs_client     = @@character_set_client */;
/*!50503 SET character_set_client = utf8mb4 */;
CREATE TABLE `autores` (
  `idautor` int NOT NULL AUTO_INCREMENT,
  `Nombre` varchar(255) NOT NULL,
  `Apellido` varchar(255) DEFAULT NULL,
  PRIMARY KEY (`idautor`)
) ENGINE=InnoDB AUTO_INCREMENT=562 DEFAULT CHARSET=utf8mb4 COLLATE=utf8mb4_0900_ai_ci;
/*!40101 SET character_set_client = @saved_cs_client */;

--
-- Dumping data for table `autores`
--

LOCK TABLES `autores` WRITE;
/*!40000 ALTER TABLE `autores` DISABLE KEYS */;
INSERT INTO `autores` VALUES (1,'Arregui','Landa'),(2,'Criach','I.'),(3,'Bruce','Hansen'),(4,'Adam','Smith'),(5,'Josï¿œ','Pla'),(6,'Iria','Maraï¿œon'),(7,'Jairo','Agudelo'),(8,'Esther','Ponce'),(9,'Tahina','Ojeda'),(10,'Alvarez','Fernï¿œndez-Stark'),(11,'Baylis','Smith'),(12,'Raï¿œl','Bernal'),(13,'Cristofol','A.'),(14,'Chevallard','Yves'),(15,'Robert','Martin'),(16,'Gene','kim'),(17,'Martin','Fowler'),(18,'Adolfo','Cï¿œrdova'),(19,'Cesar','Bona'),(20,'Nicolas','R.'),(21,'Ross','Stephen'),(22,'Sears','Francis'),(23,'Rodrï¿œgez','Palomares'),(24,'SomozaBeatriz-Cano','M.'),(25,'american','psychological'),(26,'Gert','Wagner'),(27,'Steve','Lonergan'),(28,'Thomas','Field'),(29,'Alexandro','Bonifaz'),(30,'Raquel','Bustos'),(31,'Marisol','de'),(32,'Thomas','G.'),(33,'Gert','Wagner'),(34,'Jensen','Eric'),(35,'Picazo','Gloria'),(36,'INRA',''),(37,'Andrï¿œ','Rouillï¿œ'),(38,'Charles','Moore'),(39,'Cerda','C.;'),(40,'Florence','Alexander'),(41,'Antonio','Aguilar'),(42,'Josï¿œ','Domï¿œnech'),(43,'Andy','Herring'),(44,'The','NationalAcademies'),(45,'Temple','Grandin'),(46,'Dominic','Fasso'),(47,'Carlos','Hassey'),(48,'Fuller','W.'),(49,'Max','Van'),(50,'Virginia','Evans'),(51,'Brigitte','Markner-Jï¿œger'),(52,'Schlegelmilch','Bodo'),(53,'KEEGAN','WARREN'),(54,'Cristina','de'),(55,'Rodolfo','Morrison'),(56,'MATUS','CLAUDIA'),(57,'David','E.'),(58,'Richard','M.'),(59,'P.L.','Senger'),(60,'Antonio','J.'),(61,'Terry','Wotherspoon'),(62,'Valerie','Harwood'),(63,'Stephen','Ball'),(64,'Deborah','Youdell'),(65,'Freire','P.'),(66,'Josep','Asensio'),(67,'Bernardo','Blejmar'),(68,'Yasuhiro','Nemoto'),(69,'INDESOR','y'),(70,'Herrera','Fernandez'),(71,'CHRISTOPHER','BARTLETT'),(72,'TEODORO','LUQUE'),(73,'Chang','Raymond'),(74,'John','E.'),(75,'Jacques','Attali'),(76,'SJ','Miller'),(77,'Randall','E.'),(78,'Rick','Sherman'),(79,'Foster','Provost'),(80,'Thomas','Erl'),(81,'Joe','Hair'),(82,'Morris','Berman'),(83,'Marshall','B.'),(84,'Charles','Sanders'),(85,'Leonard','Meyer'),(86,'Mauricio','Beuchot'),(87,'Susan','Sontag'),(88,'Eduardo','Viveiros'),(89,'Charles','O.'),(90,'Harry','Blesser'),(91,'Antonio','morales'),(92,'Joana','hernï¿œndez'),(93,'AMERICAN','INSTITUTE'),(94,'PHILIP','CATEORA'),(95,'HOLLENSEN','SVEND'),(96,'Charles','W.'),(97,'Svend','Hollensen'),(98,'CZINKOTA','MICHAEL'),(99,'Hï¿œlï¿œne','Auge'),(100,'Leonard','Cottrell'),(101,'Pablo','Fuentes'),(102,'D.','Peter'),(103,'Guy','Standing'),(104,'HINKELMANN','KLAUS'),(105,'LAWSON','JOHN'),(106,'Langman','Jan;'),(107,'MacGeady','Thomas'),(108,'Hyttel','Poul;'),(109,'Merritts','D.'),(110,'Montgomery','C.'),(111,'Edward','Keller'),(112,'Andrew','Newsham'),(113,'HELLRIEGEL','DON;'),(114,'CHIAVENATO','IDALBERTO'),(115,'ROBBINS','STEPHEN;'),(116,'JONES','GARETH'),(117,'DAFT','RICHARD'),(118,'Juan','Ramï¿œn'),(119,'Alvin','A.'),(120,'Bertram','G.'),(121,'BERG','Rolf'),(122,'Richard','R.'),(123,'Baeza','ï¿œngela'),(124,'Daniel','Hillel'),(125,'Jaume','Porta'),(126,'Raymond','R.'),(127,'Oteyza','Elena'),(128,'Mike','Peng'),(129,'Charles','Hill'),(130,'Richard','L'),(131,'Martï¿œnez','Salomï¿œ'),(132,'Segovia','Isidoro'),(133,'G.','Sasias'),(134,'Juan','Antonio'),(135,'Alfredo','Arches'),(136,'David','Byrne'),(137,'Stock','James;'),(138,'Solomons',''),(139,'Carey','F.A.'),(140,'Solomons','T.W.G.'),(141,'Jean-Luc','Nancy'),(142,'Alex','Ross'),(143,'David','Toop'),(144,'VV.AA.',''),(145,'MIGUEL','ANGEL'),(146,'TOMAELLO','FLAVIA'),(147,'GABRIEL','TORRES'),(148,'Nassir','Sapag'),(149,'W.','Stephen'),(150,'Andrï¿œs','Bonatti'),(151,'Theodore','L.'),(152,'James','Lovelock'),(153,'Ortiz-Caï¿œavate','Jaime'),(154,'Ezequiel','Ander'),(155,'Peter','Strutt'),(156,'Heriberto','Fernï¿œndez'),(157,'Anabel','Ford'),(158,'Antonio','Anzaldï¿œa-Morales'),(159,'Hans_Thies','Lehmann'),(160,'Homero',''),(161,'Natahn','Slovis'),(162,'Fackelman','Auer'),(163,'D','Bowman'),(164,'SM','Reed'),(165,'Roos','&'),(166,'BP','Smith'),(167,'Auer','&'),(168,'Gary','Baxter'),(169,'David','Harvey'),(170,'John','Brian'),(171,'KARL','SCHLOGEL'),(172,'PETER','SLOTERDIJK'),(173,'=-autores','en'),(174,'United','States'),(175,'Bisquerra','Rafael'),(176,'Papalia',''),(177,'Mary','Louise'),(178,'Varios','autores'),(179,'Jurgen','Meyer'),(180,'Dan','Hosken'),(181,'Francis','Rumsey'),(182,'Jason','Corey'),(183,'Johannes','Kreidler'),(184,'David','Sonnenschein'),(185,'Pierre','Schaeffer'),(186,'Barry','Truax'),(187,'Tirso','de'),(188,'Arnold','Schoenberg'),(189,'Christopher','Small'),(190,'Vincent','Persichetti'),(191,'Walter','Piston'),(192,'David','Howes'),(193,'Walter','Benjamin'),(194,'Haydock','P.P.J.'),(195,'Carl','Schorske'),(196,'Susana','Silvestri'),(197,'Kar','Schlogel'),(198,'Juan','Andrï¿œs'),(199,'SooJin','(Steven)'),(200,'Reyner','Banham'),(201,'Matei','Calinescu'),(202,'Laurence','Robb'),(203,'John','Ridley'),(204,'David','Hockeney'),(205,'Rosa','Gallegos/'),(206,'JOHANN','WOLFGANG'),(207,'Betty','Edwards'),(208,'Georges','Didi-Huberman'),(209,'Robert','Rosenblum'),(210,'Christian','Boltanski'),(211,'Anne','Varichon'),(212,'Paul','Ardenne'),(213,'Robert','Hughes'),(214,'Jose','Francisco'),(215,'sullivan',''),(216,'Jiro','Jerry'),(217,'Mary','Anna'),(218,'John','W.'),(219,'Rose','E.'),(220,'Terry','W.'),(221,'Craig','E.'),(222,'Amy','C.'),(223,'Douglas','J.'),(224,'Mike','R.'),(225,'FOSSEN','Haakon'),(226,'Patricio','Torres'),(227,'Grout','-'),(228,'Lawson','y'),(229,'Bukofzer',''),(230,'Timothy','Day'),(231,'Dayna','Baumeister'),(232,'Tim','Beatley'),(233,'JOAO','LUIS'),(234,'Renato','D\'Alenï¿œon'),(235,'MVRDV',''),(236,'Enrique','Browne'),(237,'DAVID','CHIPPERFIELD'),(238,'Bevk','Perovic'),(239,'SELGASCANO',''),(240,'Josep','Marï¿œa'),(241,'Juhani','Pallasmaa'),(242,'ALVARO','SIZA'),(243,'SMILJAN','RADIC'),(244,'Glenn','Murcutt'),(245,'STEVEN','HOLL'),(246,'Neutelings','Riedijk'),(247,'Studio','Mumbai'),(248,'Valerio','Olgiati'),(249,'SANAA','(Sejima'),(250,'Aires','Mateus'),(251,'Herzog','&'),(252,'Sou','Fujimoto'),(253,'Caruso','St'),(254,'Sean','Godsell'),(255,'RCR','Arquitectes'),(256,'Mansilla+Tuï¿œï¿œn',''),(257,'FERNANDO','RUBIERA'),(258,'Reginald','G.'),(259,'C.','Donoso'),(260,'Ayala','Ricardo;'),(261,'Ayala','Ricardo'),(262,'Mateo','Gutiï¿œrrez'),(263,'Maria','Isabel'),(264,'WERNER','HEGEMANN'),(265,'Charles','C.'),(266,'KENNETH','L.'),(267,'Mark','Sutton'),(268,'Guillermo','Ward'),(269,'LUIS','CAMNITZER'),(270,'thomas','Durisch'),(271,'Manfredo','Tafuri'),(272,'TAFURI','MANFREDO'),(273,'Krugman','Paul;'),(274,'Douglass','M.'),(275,'Charles','Burkhart'),(276,'Carlos','Kraemer'),(277,'Thor','I'),(278,'Walter','Luzio'),(279,'Carlos','Poblete'),(280,'Paulo','Freire'),(281,'James','Joyce'),(282,'Mateo','Gutierrez'),(283,'Feito','Alonso'),(284,'Jaume','Trilla'),(285,'Adriana','Aubert'),(286,'Claudio','Figueroa'),(287,'Werner','Apt.'),(288,'Gerald','Michael'),(289,'heodore','Schwartz'),(290,'Prueba',''),(291,'ICI',''),(292,'Richard','Weston'),(293,'Owen','Hopkins'),(294,'WILL','PRYCE'),(295,'Marï¿œa','Estela'),(296,'Josep','Ma'),(297,'Elisabeth','S'),(298,'Michael','Foote'),(299,'Behrman',''),(300,'Pinet','Paul'),(301,'Dyer','Keith'),(302,'Gabbe','S.'),(303,'Micki','L.'),(304,'garza','leal/bustos'),(305,'gratacos',''),(306,'ALLAN','B.'),(307,'David','Hockney'),(308,'Johnathan','Berk'),(309,'David','Eiteman'),(310,'MARCEL','POETE'),(311,'Fernado','Perez'),(312,'James','F.'),(313,'David','Myers'),(314,'james','Fadiman'),(315,'Lorenzo','Lï¿œpez'),(316,'Esther','Higueras'),(317,'Patricia','Valenzuela'),(318,'Shonhaut','L.'),(319,'Arnoldo','Quezada'),(320,'Diane','Papalia'),(321,'Jenks','Mike;'),(322,'Rem','Koolhaas'),(323,'FIL','HEARN'),(324,'JOSEP','MARIA'),(325,'MICHEL','FOUCAULT'),(326,'DORA','WARE'),(327,'PETER','EISENMAN'),(328,'Gï¿œNTER','PFEIFER'),(329,'TERESA','GUEVARA'),(330,'FRANCOISE','CHOAY'),(331,'DENISE','SCOTT'),(332,'OLIVIA','DE'),(333,'Virilio','Paul'),(334,'Osorio','Nelson'),(335,'DantoColeman','Arthur'),(336,'Da-Wen-Sun','(editor)'),(337,'Iï¿œaki','Abalos'),(338,'ENRIQE','X.DE'),(339,'KENNET','FRAMPTON'),(340,'Hugo','Segawa'),(341,'Anton','Capitel'),(342,'Enrique','Walker'),(343,'Peter','Zumthor'),(344,'Massino','Cacciari'),(345,'ALAN','COLQUHOUN'),(346,'Anthony','Vidler'),(347,'Michael','Foucault'),(348,'Roger','G.'),(349,'TOM','PORTER'),(350,'Karl-Eugen','Kurrer'),(351,'Hal','Foster'),(352,'Jari','Niemelï¿œ'),(353,'Talley','L.'),(354,'Alfredo','Pï¿œrez'),(355,'Trakl','George'),(356,'Eugen','Kurrer'),(357,'David','P.'),(358,'H.','Zhang;'),(359,'Marc','Pansu'),(360,'Walter','Luzio'),(361,'Alexandra','Boutros'),(362,'J.','Gopal'),(363,'David','Collier'),(364,'Norton','I.;'),(365,'Kevin','J.'),(366,'Bruce','Alberts'),(367,'Cindy','Owen'),(368,'Emilio','F.'),(369,'Nï¿œstor','Garcï¿œa'),(370,'KRAUEL','Jacobo.'),(371,'FORMAN','Richard'),(372,'FARIELLO','Francesco.'),(373,'JAUME','TERRADAS'),(374,'Jerry','Wilson-Anthony'),(375,'Greenhalgh','T.'),(376,'ï¿œlvaro','Ruiz'),(377,'Stephen','B.'),(378,'Derek','Richards'),(379,'Petter','Laake'),(380,'Whaites','E.'),(381,'Emmanuel','Lesaffre'),(382,'Helena','Chmura'),(383,'National','Research'),(384,'Selden','R.'),(385,'James','Edward'),(386,'Henry','Plummer'),(387,'Jorrit','Tornquist'),(388,'Edward','Aguado'),(389,'Daniel','Goleman'),(390,'A.A.B.B.',''),(391,'Diaz','et'),(392,'ALFONSO','SANZ'),(393,'Bradley','R.'),(394,'Downton','Paul'),(395,'JOHN','SULLIVAN'),(396,'Robert','Anthony'),(397,'Gonzalo','Riera'),(398,'ledermanjonathan','A.'),(399,'Dï¿œaz','del'),(400,'Riquelme','R.;'),(401,'Heerlein','E.'),(402,'Sadock','B.'),(403,'Valdivieso','F.'),(404,'Abdaloff','W.'),(405,'Correa','E.'),(406,'Florenzano','R.'),(407,'Hidalgo','C.G.'),(408,'Grau','A'),(409,'Soler','J;'),(410,'Retamal','P.'),(411,'Roizblatt','A.'),(412,'Cristina','Ratti'),(413,'Figura','Ludger'),(414,'Eduardo','Correa'),(415,'Mario','Vidal'),(416,'Cï¿œsar','Ojeda'),(417,'Alan','Schatzberg'),(418,'Keith','R.'),(419,'Open','University'),(420,'John','A.'),(421,'Erich','Marï¿œa'),(422,'William','Carruthers'),(423,'Garcï¿œa','Castaï¿œeda'),(424,'Litvak','Lily'),(425,'Ediciones','Vox'),(426,'Elia','Pineda'),(427,'Charles','Landry'),(428,'Sergio','Prenafeta'),(429,'Carrera','X.;'),(430,'Ictus',''),(431,'Pereira','P.'),(432,'Benavente','David'),(433,'Dï¿œaz','Jorge'),(434,'Andrade','Elba;'),(435,'Mabel','Moraï¿œa(ed)'),(436,'Mario','Bellatin'),(437,'Susana','Rotker'),(438,'BernardF.R.',''),(439,'Nordness','Robert'),(440,'Case','Karl'),(441,'wheatly','M.G.'),(442,'Allan','Jacobs'),(443,'Dietrich','Schwanitz'),(444,'Giddens','Anthony'),(445,'Griffero','Ramï¿œn.'),(446,'Moruro','Mirales'),(447,'Borges','Jorge'),(448,'Radrigï¿œn','Flavia'),(449,'Escobar','Vila'),(450,'Johnson','M.'),(451,'CHARLES','DICKENS'),(452,'F.','Scott'),(453,'HERMAN','MELVILLE'),(454,'EMILY','BRONTEE'),(455,'GEORGE','ELIOT'),(456,'JANE','AUSTEN'),(457,'Christine','Nuttall'),(458,'William','Littlewood'),(459,'Peter','Medgyes'),(460,'Zoltan','Dï¿œrnyei'),(461,'Stuart','Warren'),(462,'Naveed','Khan'),(463,'PLA',''),(464,'Kotler',''),(465,'Leon','ShargelAndrew'),(466,'Weber','Max'),(467,'Enrique','De'),(468,'Won','W.'),(469,'Ceron','J'),(470,'Valenzuela','Acevedo'),(471,'Mc','Closkey'),(472,'Carpenito-Moyet',''),(473,'Moorhead','y'),(474,'Marriner','-'),(475,'Johnson',''),(476,'Bï¿œrbara','Kozier'),(477,'Emery','W.'),(478,'Joaquï¿œn','Rodriguez'),(479,'NormanGaither/Greg','Frazier'),(480,'Richard','L.'),(481,'Robert','N.'),(482,'Don','Hellriegel'),(483,'James','R.Evans/William'),(484,'Eduardo','Soto/'),(485,'David','Collier/'),(486,'Robert','Gifford'),(487,'Naciones','Unidas'),(488,'Pelletieri','Osvaldo'),(489,'Discepolo','Armando'),(490,'Cossa','Roberto'),(491,'Pablo','Grech'),(492,'Lynne','Shore'),(493,'Murray','Wittner'),(494,'Farrï¿œ','Judith'),(495,'Bobes','Carmen'),(496,'Latour','Bruno'),(497,'Cheol','S.'),(498,'Leonid','Huwicz'),(499,'Hans','Belting'),(500,'Alfonso','Alcalde'),(501,'R.C.','Gonzalez;'),(502,'Luis','Pradenas'),(503,'Mï¿œnica','Pï¿œrez'),(504,'Jeffrey','Perloff'),(505,'Romero','Samuel'),(506,'Lesur','Luis'),(507,'Claudio','Donoso'),(508,'Parkin','Robert'),(509,'Cliff','Moughtin'),(510,'Urban','land'),(511,'Carpenito','Lynda'),(512,'FASCE','HENRY'),(513,'CUBILLOS','LORENZO'),(514,'Netter','F.H.'),(515,'Vicente','Salort'),(516,'Alles','Martha'),(517,'Ulrich','Dave'),(518,'Valle','Cabrera'),(519,'Javier','Fernï¿œndez'),(520,'R.','Wayne'),(521,'Garcï¿œa','Barrientos'),(522,'s.','Buncic'),(523,'Dolezel','Lubomir'),(524,'Antologï¿œa',''),(525,'Gï¿œlvez','Acero'),(526,'Cï¿œtedra','Arq.'),(527,'PALMER','M.'),(528,'SOUCHARD','PHILLIPPE'),(529,'TOM','LAMBERT'),(530,'Fu','K.S.'),(531,'John','J.'),(532,'Edgar','Nelson'),(533,'Sciavicco','L.'),(534,'Pedro','de'),(535,'Jesï¿œs','M.'),(536,'F','torres;'),(537,'William','Stallings'),(538,'Barrientos','A.'),(539,'Falicov;','C.'),(540,'Otto','S.E.'),(541,'Andreu','L'),(542,'Botella','J'),(543,'Lorenzo','V'),(544,'Daugirdas','John'),(545,'R.Serway','/C.J.Moses/C:A'),(546,'Fletcher','R.H.'),(547,'EMBER','Carol'),(548,'RENFREW','Colin'),(549,'Pablo','Camus'),(550,'FOLGUERA','Pilar'),(551,'Jose','BENGOA'),(552,'Mï¿œximo','Antonio'),(553,'Stephen','Ross'),(554,'Brealey','David'),(555,'Serrano','Nicolï¿œs'),(556,'Sears_Zemansky-Yong_Freedman\"\r\n\"557','Joanne'),(557,'by','NANDA'),(558,'Sue','Moorhead'),(559,'Urban','Design'),(560,'Alexander','R.'),(561,'Salort','S.');
/*!40000 ALTER TABLE `autores` ENABLE KEYS */;
UNLOCK TABLES;

--
-- Table structure for table `libros`
--

DROP TABLE IF EXISTS `libros`;
/*!40101 SET @saved_cs_client     = @@character_set_client */;
/*!50503 SET character_set_client = utf8mb4 */;
CREATE TABLE `libros` (
  `idlibro` int NOT NULL AUTO_INCREMENT,
  `isbn` varchar(255) DEFAULT NULL,
  `titulo` varchar(255) NOT NULL,
  `autor_id` int DEFAULT NULL,
  `paginas` int DEFAULT NULL,
  `fecha_publicacion` datetime DEFAULT NULL,
  `anio` int DEFAULT NULL,
  `editorial` varchar(255) DEFAULT NULL,
  `edicion` varchar(255) DEFAULT NULL,
  PRIMARY KEY (`idlibro`),
  KEY `autor_id` (`autor_id`),
  CONSTRAINT `libros_ibfk_1` FOREIGN KEY (`autor_id`) REFERENCES `autores` (`idautor`)
) ENGINE=InnoDB AUTO_INCREMENT=636 DEFAULT CHARSET=utf8mb4 COLLATE=utf8mb4_0900_ai_ci;
/*!40101 SET character_set_client = @saved_cs_client */;

--
-- Dumping data for table `libros`
--

LOCK TABLES `libros` WRITE;
/*!40000 ALTER TABLE `libros` DISABLE KEYS */;
INSERT INTO `libros` VALUES (1,'EAN : 9788418627262','La evaluaciï¿œn en educaciï¿œn infantil',NULL,NULL,'2023-07-30 00:00:00',2021,'Grao','vol 49'),(2,'ISBN 10: 8418058013','Ciencia en la primera infancia',NULL,NULL,'2023-07-30 00:00:00',2019,'Grao','48'),(3,'9780691235899','Econometrics',3,NULL,'2023-04-10 00:00:00',2022,'Princeton University Press','Primera'),(4,'9788420676661','La teorï¿œa de los sentimientos morales',4,NULL,'2023-03-29 00:00:00',2013,'Alianza','.'),(5,'9788448608088','Direcciï¿œn Internacional de la Empresa',5,NULL,'2023-03-13 00:00:00',2016,'Mcgraw-Hill Interamericana','1'),(6,'9788417114503','Educar en el feminismo',6,NULL,'2023-03-09 00:00:00',2017,'Plataforma','1'),(7,'978-958-8422-59-6','Debates sobre Cooperaciï¿œn Internacional para el Desarrollo',7,NULL,'2022-12-02 00:00:00',2021,'ELACID','1'),(8,'978-607-97144-2-0','Teorï¿œa y prï¿œctica de la Cooperaciï¿œn Internacional para el Desarrollo: Una perspectiva desde Mï¿œxico',NULL,NULL,'2022-12-02 00:00:00',2020,'\"Centro de Gestiï¿œn y Cooperaciï¿œn Internacional para el Desarrollo (CGCID), Asociaciï¿œn Mexicana de Est\"','3'),(9,'9788413520070','Pensamiento crï¿œtico latinoamericano sobre desarrollo',9,NULL,'2022-12-02 00:00:00',2020,'Catarata','1'),(10,'9789211220421','Gobernanza y desempeï¿œo exportador de los servicios modernos en Amï¿œrica Latina y la India',NULL,NULL,'2022-12-02 00:00:00',2020,'Konrad Adenauer','1'),(11,'9780198825548','The globalization of world politics. An introduction to international relations',NULL,NULL,'2022-12-02 00:00:00',2020,'Oxford University Press','8'),(12,'9789560108456','Historia de las Relaciones Internacionales de Chile 1810-2020',12,NULL,'2022-12-02 00:00:00',2020,'EIL','1'),(13,'978-84-7827-199-3','El tiempo y el espacio en la didï¿œctica de las cs.sociales',13,NULL,'2022-11-11 00:00:00',2006,'GRAO','5ï¿œ'),(14,'9507013806','La transposiciï¿œn didï¿œctica : del saber sabio al saber enseï¿œado',NULL,NULL,'2022-08-16 00:00:00',2013,'Aique. buenos Aires','tercera o superior'),(15,'978-8441539907','Arquitectura limpia: Guï¿œa para especialistas en la estructura y el diseï¿œo de software',15,NULL,'2022-05-18 00:00:00',2018,'ANAYA MULTIMEDIA','Primera'),(16,'978-1942788003','\"The DevOps Handbook: How to Create World-Class Agility, Reliability, and Security in Technology Orga\"',16,NULL,'2022-05-18 00:00:00',2016,'IT Revolution Press','Primera'),(17,'8441532109','Cï¿œdigo limpio',15,NULL,'2022-05-12 00:00:00',2012,'ANAYA MULTIMEDIA','1st Edition'),(18,'9780134757599','Refactoring',17,NULL,'2022-05-12 00:00:00',2018,'PRENTICE-HALL INTERNATIONAL EDITION','Second'),(19,'978-84-9044-349-1','Renovar el asombro. Un panorama de la poesï¿œa infantil y juvenil contemporï¿œnea en espaï¿œol',18,NULL,'2022-05-05 00:00:00',2019,'Universidad de Castilla La Mancha','1'),(20,'978950644417-4','LA NUEVA EDUCACION',19,NULL,'2022-04-05 00:00:00',2017,'PEGUIN RANDOM HOUSE GRUPO S.A','PRIMERA'),(21,'978-1-315-16666-7','Remote Sensing Applications in Environmental and Earth System Sciences',20,NULL,'2022-03-30 00:00:00',2021,'CRC Press','Primera'),(22,'978-607-15-0741-9','Finanzas corporativas',NULL,NULL,'2022-03-29 00:00:00',2018,'McGraw-Hill','11'),(23,'970-26-0511-3','Fï¿œsica universitaria. Vol 1. Dï¿œcimo primera ediciï¿œn',NULL,NULL,'2022-03-28 00:00:00',2004,'Pearson educaciï¿œn','Dï¿œcimo primera'),(24,'978-607-15-0553-8','Farmacologï¿œa para Enfermeras',NULL,NULL,'2022-03-23 00:00:00',2011,'McGraw Hill','2ï¿œ'),(25,'978-84-9110','Farmacologï¿œa en Enfermerï¿œa. Teorï¿œa y Casos Clï¿œnicos',NULL,NULL,'2022-03-23 00:00:00',2020,'Editorial Mï¿œdica Panamericana','2ï¿œ'),(26,'9786074488562','\"Manual de Publicaciones de la American Psychological Association, 4 ï¿œ ediciï¿œn ( 7 ï¿œ ediciï¿œn en inglï¿œ\"',25,NULL,'2022-03-21 00:00:00',2021,'Manual Moderno','7ï¿œ'),(27,'9789561419247','CHILE 1810-2010. La Repï¿œblica en cifras',26,NULL,'2022-01-20 00:00:00',2016,'UC','EPUB POR FAVOR'),(28,'9780128152775','The Science of Animal Growth and Meat Technology',NULL,NULL,'2021-12-23 00:00:00',2018,'Academic Press','Second'),(29,'978-0134602691','Beef Production and Management Decisions (What\'s New in Trades & Technology)',28,NULL,'2021-12-23 00:00:00',2017,'Pearson','Sexta'),(30,'9786071514387','Micologï¿œa medica bï¿œsica',29,NULL,'2021-09-07 00:00:00',2020,'McGraw-Hill','6 ediciï¿œn'),(31,'9789561412606','La mujer compositora y su aporte al desarrollo musical chileno',30,NULL,'2021-04-06 00:00:00',2012,'Ediciones Universidad Catolica de Chile','original'),(32,'-','Earth beings: ecologies of practice across a andean worlds',31,NULL,'2020-11-11 00:00:00',2015,'-','espaï¿œol'),(33,'97801346027','Beef Production and management Decisions',32,NULL,'2020-08-13 00:00:00',2018,'Pearson','6th'),(34,'9789561426238','CHILE 1810-2010. La Repï¿œblica en cifras',NULL,NULL,'2020-07-09 00:00:00',2016,'Ediciones UC','Favor comprar EPUB'),(35,'978-84-277-1437-3','Cerebro y Aprendizaje. Competencias e implicaciones educativas',NULL,NULL,'2020-07-02 00:00:00',2010,'Narcea','2010'),(36,'84-252-1973-6','Efecto Real. Debates postmodernos sobre fotografï¿œa.',NULL,NULL,'2020-05-12 00:00:00',2004,'Gustavo Gili','Primera'),(37,'9789086862924','INRA feeding system for ruminants',NULL,NULL,'2020-05-05 00:00:00',2018,'Wageningen Academic Publisher','Primera'),(38,'13 9788425436529','La Fotografï¿œa. Entre documento y arte contemporï¿œneo',37,NULL,'2020-04-30 00:00:00',2017,'Herder','Tapa blanda'),(39,'978-1-4715-7812-0','Career Paths: Journalism',NULL,NULL,'2020-04-30 00:00:00',2015,'Express Publishing','1'),(40,'978-956-335-490-4','Naturaleza en Sociedad: Una mirada a la dimensiï¿œn humana de la conservaciï¿œn de la biodiversidad',NULL,NULL,'2020-02-28 00:00:00',2019,'Ocho Libros','1'),(41,'9780857111746','\"Physicochemical Principles of Pharmacy In Manufacture, Formulation and Clinical Use\"',NULL,NULL,'2019-12-18 00:00:00',2015,'Pharmaceutical Press','6'),(42,'9788490222607','Biofarmacia y farmacocinï¿œtica: Ejercios y problemas resueltos',NULL,NULL,'2019-12-18 00:00:00',2014,'Elsevier','2'),(43,'8499589529','\"Tratado general de Biofarmacia y Farmacocinï¿œtica. Vol. I, LADME, Anï¿œlisis farmacocinï¿œtico, Biodispon\"',42,NULL,'2019-12-18 00:00:00',2013,'Sï¿œntesis','1'),(44,'8499589537','\"Tratado general de Biofarmacia y Farmacocinï¿œtica. Vol. II, Vï¿œas de administraciï¿œn de fï¿œrmacos: aspec\"',42,NULL,'2019-12-18 00:00:00',2013,'Sï¿œntesis','1'),(45,'9781780645070','Beef Cattle Production Systems',43,NULL,'2019-12-12 00:00:00',2014,'CABI','1st Ediciï¿œn'),(46,'978-0309317023','Nutrient Requirements of Beef Cattle: Eighth Revised Edition (Nutrient Requirements of Animals)',NULL,NULL,'2019-12-12 00:00:00',2016,'National Academies Press','8va Ediciï¿œn Revisada'),(47,'978-1612127446','\"Temple Grandin\'s Guide to Working with Farm Animals: Safe, Humane Livestock Handling Practices for t\"',45,NULL,'2019-12-12 00:00:00',2017,'Storey Publishing','1st Ediciï¿œn'),(48,'9781682866566','Genetic Management of Animals',46,NULL,'2019-12-12 00:00:00',2019,'Syrawood Publishing House','1st Ediciï¿œn'),(49,'9781682864388','Animal Breeding and Livestock Management',47,NULL,'2019-12-12 00:00:00',2017,'Syrawood Publishing House','1st Ediciï¿œn'),(50,'978-0128170526','\"Animal Agriculture: Sustainability, Challenges and Innovations\"',NULL,NULL,'2019-12-12 00:00:00',2019,'Academic Press','1st Ediciï¿œn'),(51,'9780134602691','Beef Production and Management Decisions',32,NULL,'2019-12-12 00:00:00',2017,'Pearson','6th edition'),(52,'8482362836','Investigaciï¿œn Educativa y experiencia vivida',49,NULL,'2019-12-09 00:00:00',2003,'Idea Books','4'),(53,'8449305659','El tacto en la enseï¿œanza',49,NULL,'2019-12-09 00:00:00',1998,'Paidos','2'),(54,'978-0-85777-838-3','Nursing',50,NULL,'2019-10-28 00:00:00',2011,'Express Publishing','primera'),(55,'978-3-540-68616-3','Technical English for Geosciences',51,NULL,'2019-10-16 00:00:00',2008,'Springer','1'),(56,'9783319262772','Global Marketing Strategy. An Executive Digest',NULL,NULL,'2019-08-30 00:00:00',2016,'Springer','1'),(57,'9780134129945','GLOBAL MARKETING',NULL,NULL,'2019-08-30 00:00:00',2017,'PEARSON','9'),(58,'978-84-15937-54-8','La ciudad de las damas',54,NULL,'2019-08-09 00:00:00',2018,'Siruela','2ï¿œ'),(59,'978-956-11-2561-2','Terapia Ocupacional y pragmatismo: Contribuciones teï¿œricas para la prï¿œctica',55,NULL,'2019-08-08 00:00:00',2017,'Editoria universitaria','1ï¿œ'),(60,'978-981-13-8445-5','Ethnography and Education Policy: A Critical Analysis of Normalcy and Difference in Schools',56,NULL,'2019-08-08 00:00:00',2019,'Springer','1ï¿œ'),(61,'978-0-7020-7233-8','Veterinary Reproduction and Obstetrics',NULL,NULL,'2019-08-06 00:00:00',2019,'Elsevier','Decima ediciï¿œn'),(62,'978-1-118-47083-1','Bovine Reproduction',58,NULL,'2019-08-06 00:00:00',2014,'Wiley Blackbell','Primera Ediciï¿œn'),(63,'0-9657648-3-4','Pathways pregnancy & parturition',59,NULL,'2019-08-06 00:00:00',2012,'\"Current Conceptions, Inc.\"','Tercera ediciï¿œn'),(64,'84-493-1185-3','La (de)construcciï¿œn del conocimiento pedagï¿œgico.',60,NULL,'2019-07-17 00:00:00',2002,'Barcelona','Paidï¿œs Ibï¿œrica'),(65,'978-0199024858','The sociology of education in Canadï¿œ. Fifth edition.',61,NULL,'2019-07-17 00:00:00',2017,'Oxford','University Press'),(66,'978-84-7112-530-9','El diagnï¿œstico de los niï¿œos y adolescentes problemï¿œticos: Una crï¿œtica a los discursos sobre los tras',62,NULL,'2019-07-17 00:00:00',2009,'Madrid','Morata'),(67,'978-0-415-895361','\"Foucault, Power and Education.\"',63,NULL,'2019-07-17 00:00:00',2013,'New York','Routledge'),(68,'978-0415479875','\"School Trouble. Identity, power and politics in education.\"',64,NULL,'2019-07-17 00:00:00',2011,'New York','Routledge'),(69,'978-987-629-409-6','Miedo y Osadï¿œa. La Cotidianidad del Docente que se Arriesga a Practicar una Pedagogï¿œa Transformadora',NULL,NULL,'2019-07-17 00:00:00',2014,'Buenos Aires','Siglo XXI'),(70,'978-84-7827-903-6','El desarrollo del tacto pedagï¿œgico',66,NULL,'2019-07-17 00:00:00',2010,'Barcelona','GRAO'),(71,'978-987-538-124-7','Gestionar es hacer que las cosas sucedan',67,NULL,'2019-07-17 00:00:00',2014,'Buenos Aires','NOVEDUC'),(72,'978-1581127997','The Japanese Education System.',68,NULL,'2019-07-17 00:00:00',1999,'Universal','Publishers'),(73,'978-956-706-273-7','10 aï¿œos de bilinguismo en Chile',69,NULL,'2019-07-02 00:00:00',2014,'Fondo editorial UMCE','unica'),(74,'978-956-01-0497-7','Lectores sordos bilingues: un logro posible',NULL,NULL,'2019-07-02 00:00:00',2017,'RIL editores','unica'),(75,'9781108436694','TRANSNATIONAL MANAGEMENT: TEXT AND CASES IN CROSS-BORDER MANAGEMENT',71,NULL,'2019-04-26 00:00:00',2018,'Cambridge University Press','8va'),(76,'978-84-368-3830-5','INVESTIGACION DE MARKETING 3.0',72,NULL,'2019-03-22 00:00:00',2017,'PIRAMIDE','1a'),(77,'978-84-368-2619-7','TECNICAS DE ANALISIS DE DATOS EN INVESTIGACION DE MERCCADOS',72,NULL,'2019-03-22 00:00:00',2012,'PIRAMIDE','2da'),(78,'978-84-368-2619-7','TECNICAS DE ANALISIS DE DATOS EN INVESTIGACION DE MERCCADOS',72,NULL,'2019-03-22 00:00:00',2012,'PIRAMIDE','2da'),(79,'9788580552553','Quï¿œmica General',NULL,NULL,'2019-02-28 00:00:00',2017,'McGraw-Hill','12a'),(80,'9702612861','Quï¿œmica General',74,NULL,'2019-02-27 00:00:00',2009,'Pearson Educaciï¿œn','5'),(81,'9789505577088','Karl Marx o el espï¿œritu del mundo',75,NULL,'2019-01-26 00:00:00',2007,'FONDO DE CULTURA ECONï¿œMICA','1'),(82,'978-956-357-136-3','\"Enseï¿œando, afirmando y reconociendo a jï¿œvenes trans*+ y de gï¿œnero creativo: Un marco de enseï¿œanza qu\"',76,NULL,'2019-01-26 00:00:00',2018,'Ediciones Universidad Alberto Hurtado','1'),(83,'978-1138811935','A Beginner\'s Guide to Structural Equation Modeling',77,NULL,'2018-12-06 00:00:00',2016,'Routledge Taylor & Francis','4'),(84,'978-0124114616','Business Intelligence Guidebook: From Data Integration to Analytics',78,NULL,'2018-12-06 00:00:00',2015,'Elsevier Science','1'),(85,'978-1449361327','Data Science for Business',79,NULL,'2018-12-06 00:00:00',2013,'Oï¿œReilly','1'),(86,'978-0134291079','\"Big Data Fundamentals: Concepts, Drivers & Techniques\"',NULL,NULL,'2018-12-06 00:00:00',2016,'Prentice Hall.','1'),(87,'978-1483377445','A Primer on Partial Least Squares Structural Equation Modeling (PLS-SEM)',NULL,NULL,'2018-12-06 00:00:00',2016,'SAGE Publications Inc','2'),(88,'84-89333-20-3','El reencantamiento del mundo',82,NULL,'2018-11-29 00:00:00',2007,'Cuatro Vientos','2ï¿œ EDICION'),(89,'9788415053668','Comunicaciï¿œn no violenta un lenguaje de vida',83,NULL,'2018-11-29 00:00:00',2017,'Acanto S.A','3ï¿œ EDICIï¿œN AMPLIADA'),(90,'978-84-7423-383-4','\"El Hombre, Un Signo\"',84,NULL,'2018-10-20 00:00:00',1988,'Editorial Critica','1'),(91,'978-84-16183-14-2','Semiï¿œtica - Textos Selectos',84,NULL,'2018-10-20 00:00:00',2015,'Servizo de Publicaciï¿œns e Intercambio Cientï¿œfico da USC','1'),(92,'978-0226521428','Explaining Music : Essays and Explorations',85,NULL,'2018-10-20 00:00:00',1978,'University of Chicago Press','1'),(93,'978-8425432637','\"Charles Sanders Peirce: Semiï¿œtica, iconicidad y analogï¿œa\"',86,NULL,'2018-10-20 00:00:00',2014,'Herder','1'),(94,'978-8483464205','Contra la interpretaciï¿œn y otros ensayos',87,NULL,'2018-10-20 00:00:00',2018,'Debolsillo','1'),(95,'978-8492946259','Metafisicas Canibales',88,NULL,'2018-10-20 00:00:00',2010,'Katz editores','1'),(96,'978-0262140966','\"The Musical Representation : Meaning, Ontology, and Emotion\"',89,NULL,'2018-10-20 00:00:00',2007,'Bradford Books','1'),(97,'026251317X','\"Spaces speak, are you listening\"',90,NULL,'2018-10-19 00:00:00',2011,'MIT PRESS','Primera'),(98,'8494051903','Gramï¿œtica ï¿œrabe comentada',91,NULL,'2018-10-03 00:00:00',2014,'Albujayra sl','primera'),(99,'8493741035','Gramï¿œtica prï¿œctica de ï¿œrabe',92,NULL,'2018-10-03 00:00:00',2009,'Albujayra','primera'),(100,'1-56424-007-1','\"Steel Construction Manual, 15th Ed.\"',93,NULL,'2018-09-14 00:00:00',2016,'AMERICAN INSTITUTE OF STEEL CONSTRUCTION','AISC'),(101,'9781564240354','\"Seismic Design Manual, 3rd Edition\"',93,NULL,'2018-09-14 00:00:00',2016,'AMERICAN INSTITUTE OF STEEL CONSTRUCTION','AISC'),(102,'9786071512093','MARKETING INTERNACIONAL',94,NULL,'2018-08-21 00:00:00',2014,'McGraw-Hill Education','16'),(103,'9788483226407','ESTRATEGIAS DE MARKETING INTERNACIONAL',NULL,NULL,'2018-08-21 00:00:00',2010,'PEARSON','4'),(104,'9786071512901','NEGOCIOS INTERNACIONALES COMO COMPETIR EN EL MERCADO GLOBAL',96,NULL,'2018-08-21 00:00:00',2015,'McGraw-Hill Education','10'),(105,'9788483226407','Estrategias de Marketing internacional',95,NULL,'2018-08-21 00:00:00',2010,'PEARSON','4'),(106,'9786074819489','MARKETING INTERNACIONAL',NULL,NULL,'2018-08-21 00:00:00',2013,'CENGAGE LEARNING','10'),(107,'978-6071512093','MARKETING INTERNACIONAL',94,NULL,'2018-08-13 00:00:00',2014,'McGraw-Hill Interamericana de Espaï¿œa S.L.','16'),(108,'978-2-09-038498-7','Nickel 1',99,NULL,'2018-07-04 00:00:00',2014,'Clï¿œ international','Nickel'),(109,'978-968-16-0750-0','El Toro de Minos',100,NULL,'2018-06-11 00:00:00',2014,'FCE','I Ed. XIV reimpresiï¿œn'),(110,'978-956-9741-02-9','\"Arquitectura y ciudad moderna en el sur de Chile. Memoria, territorio y proyecto\"',101,NULL,'2018-04-19 00:00:00',2017,'Ediciones Universidad del Bï¿œo-Bï¿œo + STOQ editoria','1'),(111,'1119142288','Principles of Genetics',102,NULL,'2018-03-20 00:00:00',2015,'Wiley','7 edition'),(112,'9788494100819','El precariado. Una nueva clase social',103,NULL,'2018-03-18 00:00:00',2013,'Pasado y Presente','Tercera'),(113,'978-0471-72756-9','\"DESIGN AND ANALYSIS OF EXPERIMENTS VOLUMEN 1, 2 Y 3\"',NULL,NULL,'2018-03-11 00:00:00',2008,'JOHN WILEY AND SONS','SECOND'),(114,'13:978-1-4987-2848-5','DESIGN AND ANALYSIS OF EXPERIMENTS WITH R',NULL,NULL,'2018-03-11 00:00:00',2015,'TAYLOR AND FRANCIS GROUP','FIRST'),(115,'978-84-16353-48-4','Embriologï¿œa mï¿œdica',NULL,NULL,'2018-03-09 00:00:00',2016,'Wolters Kluwer','13a'),(116,'978-1-4051-1147-8','Veterinary embryology',NULL,NULL,'2018-03-09 00:00:00',2006,'Blackwell','Sin informaciï¿œn'),(117,'978-0-7020-2899-1','Essentials of domestic animal embryology',NULL,NULL,'2018-03-09 00:00:00',2010,'Saunders Elsevier','sin informaciï¿œn'),(118,'1-4292-3743-0','Environmental Geology: An Earth Systems Approach',NULL,NULL,'2018-03-09 00:00:00',2014,'Macmillan Learning','2'),(119,'73524115','Environmental Geology',NULL,NULL,'2018-03-09 00:00:00',2013,'McGraw-Hill Education','10'),(120,'321643755','Environmental Geology',111,NULL,'2018-03-09 00:00:00',2011,'Pearson Prentice Hall','9'),(121,'978-0415687812','Conservation and Development',NULL,NULL,'2018-03-07 00:00:00',2016,'Routledge','1'),(122,'978-607-526-301-4','ADMINISTRACION. UN ENFOQUE BASADO EN COMPETENCIAS',NULL,NULL,'2018-03-06 00:00:00',2017,'CENGAGE LEARNING','12'),(123,'9786071509802','INTRODUCCION A LA TEORIA GENERAL DE LA ADMINISTRACION',NULL,NULL,'2018-03-06 00:00:00',2014,'MCGRAW-HILL','8'),(124,'9786071509802','INTRODUCCION A LA TEORIA GENERAL DE LA ADMINISTRACION',NULL,NULL,'2018-03-06 00:00:00',2014,'MCGRAW-HILL','8'),(125,'9786073227674','ADMINISTRACION',NULL,NULL,'2018-03-06 00:00:00',2014,'PEARSON','12'),(126,'9786073227674','ADMINISTRACION',NULL,NULL,'2018-03-06 00:00:00',2014,'PEARSON','12'),(127,'9786073221177','\"TEORIA ORGANIZACIONAL, DISEï¿œO Y CAMBIO EN LAS ORGANIZACIONES\"',NULL,NULL,'2018-03-06 00:00:00',2013,'PEARSON','7'),(128,'9786073221177','\"TEORIA ORGANIZACIONAL, DISEï¿œO Y CAMBIO EN LAS ORGANIZACIONES\"',NULL,NULL,'2018-03-06 00:00:00',2013,'PEARSON','7'),(129,'9786075197647','TEORIA Y DISEï¿œO ORGANIZACIONAL',NULL,NULL,'2018-03-06 00:00:00',2015,'CENGAGE','11'),(130,'978-607-32-2046-0','Auditorï¿œa Interna',118,NULL,'2018-03-06 00:00:00',2013,'Pearson Educaciï¿œn','tercera'),(131,'978-970-26-0739-7','Auditorï¿œa un enfoque integral',119,NULL,'2018-03-06 00:00:00',2007,'Pearson Educaciï¿œn','Decimoprimera'),(132,'9786075197647','TEORIA Y DISEï¿œO ORGANIZACIONAL',NULL,NULL,'2018-03-06 00:00:00',2015,'CENGAGE','11'),(133,'9786071513670','Farmacologï¿œa Bï¿œsica y Clï¿œnica',120,NULL,'2018-03-05 00:00:00',2015,'McGraw Hill','13'),(134,'no disponible','Anatomï¿œa topogrï¿œfica y aplicada de los animales domï¿œsticos',NULL,NULL,'2018-03-05 00:00:00',1987,'Edit AC Madrid','2a'),(135,'978-0-387-94906-2','Hearing by Whales and Dolphins',NULL,NULL,'2018-03-01 00:00:00',2000,'Springer-Verlag New York','1'),(136,'978-0-387-97841-3','Comparative Hearing: Mammals',122,NULL,'2018-03-01 00:00:00',1994,'Springer-Verlag New York','1'),(137,'978-956-15-1347-1','Aritmï¿œtica y ï¿œlgebra Manual Esencial',NULL,NULL,'2018-01-24 00:00:00',2008,'Santillana','Primera'),(138,'ISBN-10: 0123485304','ENCYCLOPEDIA OF SOILS IN THE ENVIRONMENT FOUR-VOLUME SET',124,NULL,'2018-01-23 00:00:00',2004,'Academic Press','1'),(139,'8484766616','Edafologï¿œa. Uso y Protecciï¿œn de los Suelos',NULL,NULL,'2018-01-23 00:00:00',2014,'Ediciones Mundiprensa','3'),(140,'9780133254556','\"Nature and Properties of Soils, The, 15th Edition\"',NULL,NULL,'2018-01-23 00:00:00',2017,'Pearson','15'),(141,'978-970-26-1132-5','ï¿œlgebra',NULL,NULL,'2018-01-23 00:00:00',2007,'Pearson Educaciï¿œn','Tercera'),(142,'9786074817768','Negocios Globales',128,NULL,'2018-01-17 00:00:00',2012,'Cengage','SEGUNDA'),(143,'9786071505835','Negocios Internacionales. Competencia en el mercado global',129,NULL,'2018-01-17 00:00:00',2011,'McGraw-Hill','OCTAVA'),(144,'978-84-9022-842-5','\"Gray, Anatomï¿œa para estudiantes\"',130,NULL,'2018-01-17 00:00:00',2015,'Elsevier','Tercera'),(145,'9789563495980','ï¿œlgebra para futuros profesores de enseï¿œanza bï¿œsica',NULL,NULL,'2018-01-15 00:00:00',2014,'Ediciones SM Chile S.A.','Primera'),(146,'978-84-368-2565-7','Matemï¿œticas para maestros de Educaciï¿œn Primaria',NULL,NULL,'2018-01-15 00:00:00',2011,'Ediciones Pirï¿œmide','Primera'),(147,'9789563496239','Nï¿œmeros Texto para el formador para futuros profesores de enseï¿œanza bï¿œsica',NULL,NULL,'2018-01-15 00:00:00',2014,'Ediciones SM Chile S.A.','Primera'),(148,'9789569741029','\"Arquitectura y ciudad moderna en el sur de Chile. Memoria, territorio y proyecto\"',101,NULL,'2018-01-03 00:00:00',2017,'STOQ editorial','a'),(149,'978-84-282-1561-9','TRATADO PRï¿œCTICO DE HORTICULTURA',NULL,NULL,'2017-09-27 00:00:00',2011,'Omega S.A.','1ra'),(150,'9788472070745','Estratigrafï¿œa: principios y mï¿œtodos',134,NULL,'2017-09-14 00:00:00',1994,'Rueda','1'),(151,'978-84-00-09145-3','Sedimentologï¿œa: del proceso fï¿œsico a la cuenca sedimentaria',135,NULL,'2017-09-14 00:00:00',2010,'CSIC','1'),(152,'9788439727972','Como funciona la mï¿œsica',136,NULL,'2017-08-30 00:00:00',2014,'Literatura Random','Primera'),(153,'9788483229675','\"Introducciï¿œn a la Econometrï¿œa, 3ed\"',NULL,NULL,'2017-08-24 00:00:00',2012,'Pearson','3era'),(154,'9786070506970','Quï¿œmica Orgï¿œnica',NULL,NULL,'2017-08-09 00:00:00',2014,'LIMUSA','3'),(155,'9786071512109','Quï¿œmica Orgï¿œnica',NULL,NULL,'2017-08-09 00:00:00',2014,'McGraw-Hill','9'),(156,'9786070506963','Quï¿œmica Orgï¿œnica',NULL,NULL,'2017-08-09 00:00:00',2000,'Limusa Wiley','3'),(157,'8461090152','A La Escucha',141,NULL,'2017-06-28 00:00:00',2013,'Nï¿œmadas','Primera'),(158,'8432209473','Escucha esto',142,NULL,'2017-06-28 00:00:00',2012,'Seix barral','primera'),(159,'9789871622528','Oceano de sonido',143,NULL,'2017-06-28 00:00:00',2016,'Caja negra editores','prirmera'),(160,'9786077781684','ï¿œCï¿œmo funcional la mï¿œsica?',136,NULL,'2017-06-28 00:00:00',2014,'Sexto piso','prirmera'),(161,'9789972209970','\"TURISMO, HOTELERï¿œA Y RESTAURANTES\"',NULL,NULL,'2017-06-07 00:00:00',2011,'LEXUS','Primera'),(162,'9786071701985','COMPETITIVIDAD DE LOS DESTINOS TURï¿œSTICOS',145,NULL,'2017-06-07 00:00:00',2009,'TRILLAS','Primera'),(163,'9788495818331','HOTELERIA Y TURISMO: MANUAL DE ADMINISTRACIï¿œN HOTELERA',NULL,NULL,'2017-06-07 00:00:00',2013,'DALY','2013'),(164,'978-987-9473-98-6','TURISMO 2.0',NULL,NULL,'2017-06-07 00:00:00',2015,'EDICIONES TURISTICAS LADEVI PROTURISMO','Primera'),(165,'9562389243','Contabilidad informaciï¿œn y control en las empresas; SEXTA EDICIï¿œN',147,NULL,'2017-06-06 00:00:00',2010,'LEGAL PUBLISHING','Sexta'),(166,'978-607-15-1144-7','Preparaciï¿œn y Evaluaciï¿œn de Proyectos',NULL,NULL,'2017-04-27 00:00:00',2014,'Mc Graw Hill Education','6ta'),(167,'9780134436050','\"Introduction to Animal Science: Global, Biological, Social and Industry Perspectives\"',149,NULL,'2017-03-30 00:00:00',2018,'Pearson','Sexta'),(168,'978-987-628-381-6','Una guerra infame La verdadera historia de la Conquista del Desierto',NULL,NULL,'2017-03-26 00:00:00',2015,'Edhasa','1'),(169,'978-607-442-021-0','\"Quï¿œmica, la Ciencia Central\"',151,NULL,'2017-03-25 00:00:00',2009,'\"Pearson Educaciï¿œn, Mexico\"','decimoprimera'),(170,'84-7901-047-9','Gaia: una ciencia para curar el planeta',152,NULL,'2017-03-02 00:00:00',1999,'\"Integral, Barcelona\"','1a'),(171,'9788484764311','Las Maquinas Agrï¿œcolas Y Su Aplicaciï¿œn',153,NULL,'2017-03-02 00:00:00',2012,'MUNDI-PRENSA','7a sï¿œptima'),(172,'9789870008606','Metodologï¿œas de acciï¿œn social',154,NULL,'2017-02-24 00:00:00',2013,'LUMEN HUMANITAS','2'),(173,'9781447923831','ENGLISH FOR INTERNATIONAL TOURISM COURSEBOOK. INTERMEDIATE.',155,NULL,'2017-01-19 00:00:00',2013,'Pearson ELT','Third Edition'),(174,'978-956-7119-79-0','BASES METODOLï¿œGICAS PARA EL DIAGNï¿œSTICO BACTERIOLï¿œGICO DE LAS INFECCIONES POR CAMPYLOBACTER',NULL,NULL,'2016-11-13 00:00:00',2016,'Editora Copygraph LTDA','1'),(175,'978-1-61132-997-1','\"The Maya Rain Forest Garden, eight milenia of sustanible cultivation of the tropical woodlands\"',157,NULL,'2016-11-09 00:00:00',2015,'left coast press','primera ediciï¿œn'),(176,'8420007676','La evaluaciï¿œn sensorial de los alimentos en la teorï¿œa y la prï¿œctica',158,NULL,'2016-11-04 00:00:00',1994,'Editorial Acribia s.a.','1'),(177,'9788415556114','Teatro Posdramï¿œtico',159,NULL,'2016-11-02 00:00:00',2016,'cendeac','I'),(178,'84-473-4625-0','La Odisea',NULL,NULL,'2016-10-07 00:00:00',2006,'Gredos','I'),(179,'84-473-4624-2','La Ilï¿œada',NULL,NULL,'2016-10-07 00:00:00',2006,'Gredos','I'),(180,'0-323-1848-3','Atlas of Equine Endoscopy',161,NULL,'2016-06-13 00:00:00',2004,'Mosby','primera'),(181,'865778264','AO Principles of Equine Osteosynthesis',NULL,NULL,'2016-06-13 00:00:00',1999,'Thieme','primera'),(182,'9781455740062','Georgisï¿œ Parasitology for veterinarians',163,NULL,'2016-06-13 00:00:00',2013,'Elsevier','10'),(183,'9781416056706','Equine Internal Medicine',NULL,NULL,'2016-06-13 00:00:00',2010,'Elsevier','Tercera'),(184,'978-1-4160-6069-7','Diagnosis and management of lameness in the horse',165,NULL,'2016-06-13 00:00:00',2011,'ELSEVIER','segunda'),(185,'\"8480862157, 97884808\"','Medicina Interna de grandes animales',166,NULL,'2016-06-13 00:00:00',2010,'Elsevier','Cuarta'),(186,'978-1-4377-0867-7','Equine Surgery',167,NULL,'2016-06-13 00:00:00',2012,'ELSEVIER','cuarta'),(187,'978-0-8138-1549-7','Adams & Stashakï¿œs Lameness in horses',168,NULL,'2016-06-13 00:00:00',2011,'Wiley-Blackwell','sexta'),(188,'9788446020646','Espacio del capital. Hacia una geografï¿œa critica',169,NULL,'2016-04-25 00:00:00',2007,'AKAL','1'),(189,'9789681675318','La nueva naturaleza de los mapas : ensayos sobre la historia de la cartografï¿œa',170,NULL,'2016-04-25 00:00:00',2006,'S.L. FONDO DE CULTURA ECONOMICA DE ESPAï¿œA','1'),(190,'9788498410648','EN EL ESPACIO LEEMOS EL TIEMPO',171,NULL,'2016-04-25 00:00:00',2007,'SIRUELA','1'),(191,'9788498411034','EN EL MUNDO INTERIOR DEL CAPITAL. PARA UNA TEORIA FILOSOFICA DELA GLOBALIZACION',172,NULL,'2016-04-25 00:00:00',2010,'SIRUELA','1'),(192,'10.1017/pab.2016.6','Journal of Paloebiology DOI: http://dx.doi.org/10.1017/pab.2016.6',NULL,NULL,'2016-03-23 00:00:00',2016,'Cambridge Univeristy press','todas'),(193,'978-3-7692-6315-2','THE UNITED STATES PHARMACOPEIA - en espaï¿œol (USP 38 NF 33)',174,NULL,'2016-02-21 00:00:00',2015,'United States Pharmacopeia','38'),(194,'978-84-7133-748-1','Metodologï¿œa de la investigaciï¿œn educativa',NULL,NULL,'2016-01-11 00:00:00',2014,'La Muralla','Cuarta'),(195,'978-970-10-6889-2','\"Psicologï¿œa del Desarrollo, de la infancia a la adolescencia\"',NULL,NULL,'2016-01-11 00:00:00',2005,'Mc Graw Hill','11'),(196,'9780729583442','Introduction to Public Health: Edition 3',177,NULL,'2016-01-07 00:00:00',2015,'Elsevier Health Sciences','3'),(197,'0327-9022','Summa +114',178,NULL,'2015-12-14 00:00:00',2011,'Donn','1a'),(198,'0327-9022','Summa+ 116',178,NULL,'2015-12-14 00:00:00',2012,'Donn','1a'),(199,'0327-9022','Summa+ 126',178,NULL,'2015-12-14 00:00:00',2011,'Donn','1a'),(200,'2174-0356','El Croquis 144',178,NULL,'2015-12-14 00:00:00',2009,'El Croquis','1a'),(201,'0021-4302','JA 99',178,NULL,'2015-12-14 00:00:00',2015,'Shinkenchiku-sha','1a'),(202,'1614-4600','Detail 3 Concept',178,NULL,'2015-12-14 00:00:00',2010,'Detail','1a'),(203,'0327-9022','Summa+ 76',178,NULL,'2015-12-14 00:00:00',2005,'Donn','1a'),(204,'978-0-387-09516-5','Acoustics and the Performance of Music',179,NULL,'2015-12-09 00:00:00',2009,'Springer','Modern acoustics'),(205,'978-0-415-87827-2','An introduction to music technology',180,NULL,'2015-12-09 00:00:00',2011,'Routledge','Routledge'),(206,'0-240-51-623-0','Spatial Audio',181,NULL,'2015-12-09 00:00:00',2001,'Focal Press','Music Technology'),(207,'978-0-240-81295-3','Audio production and critical listening',182,NULL,'2015-12-09 00:00:00',2010,'Focal Press','Focal Press'),(208,'978-3-95593-055-4','Loadbang: programming electronic music in Pure Data',183,NULL,'2015-12-09 00:00:00',2013,'Wolke','Wolke'),(209,'978-0-941188-26-5','Sound Design',184,NULL,'2015-12-09 00:00:00',2001,'Michael Wiese production','Michael Wiese'),(210,'978-84-206-8540-3','Tratado de los objetos musicales',185,NULL,'2015-12-09 00:00:00',2008,'Alianza Mï¿œsica','Alianza Mï¿œsica'),(211,'1-56750-536-8','Acoustic Communication',186,NULL,'2015-12-09 00:00:00',2001,'Ablex Publishing','Aplex'),(212,'978-0-415-87828-9','Music Technology and the project studio',180,NULL,'2015-12-09 00:00:00',2012,'Routledge','Routledge'),(213,'978-978-611-021-1','Acï¿œstica musical y organologï¿œa',187,NULL,'2015-12-09 00:00:00',2007,'Melos ediciones musicales','Melos ediciones music'),(214,'9788438700549','Tratado de armonia',188,NULL,'2015-12-03 00:00:00',2015,'Real Musical','?'),(215,'9788432209130','El ruido eterno: escuchar al siglo XX a travï¿œs de su mï¿œsica',142,NULL,'2015-12-03 00:00:00',2009,'Barcelona: Seix Barral','1ï¿œ'),(216,'9788420685458','\"Musica, sociedad y educaciï¿œn\"',189,NULL,'2015-12-03 00:00:00',2006,'Madrid: Alianza Musica','1ï¿œ'),(217,'9788438701416','Armonï¿œa del siglo XX',190,NULL,'2015-12-03 00:00:00',2007,'Madrid: Real Musical','?'),(218,'9788493663117','Armonï¿œa',191,NULL,'2015-12-03 00:00:00',2009,'Mundimusica','?'),(219,'9781315856032','Ways of Sensing. Understanding the Senses In Society',192,NULL,'2015-09-22 00:00:00',2014,'Routledge','Primera'),(220,'978-8446019015','Libro de los pasajes',193,NULL,'2015-08-13 00:00:00',2005,'Akal Ediciones Sa','3'),(221,'9788493837594','Breve historia de la fotografï¿œa',193,NULL,'2015-08-13 00:00:00',2011,'CASIMIRO Libros','1'),(222,'9788446040903','Calle de sentido unico',193,NULL,'2015-08-13 00:00:00',2015,'AKAL','1'),(223,'ISSN 0265-1491','3rd Symposium on Potato Cyst Nematodes',NULL,NULL,'2015-08-11 00:00:00',2010,'\"AAB Office The Warwick Enterprise Park, Wellesbourne, Warwick CV35 9EF, UK\"','primera'),(224,'978-84-16011-32-2','Terror y utopia',171,NULL,'2015-08-07 00:00:00',2014,'\"Acantilado Quaderns Crema, S. A . U.\"','primera'),(225,'978-987-629-126-2','La viena de fin de siglo',195,NULL,'2015-08-07 00:00:00',2011,'editorial siglo XXI','primera'),(226,'9875580163','El color del rio',196,NULL,'2015-08-07 00:00:00',2006,'Prometeo','primera'),(227,'9788498410648','en el espacio leemos el tiempo',197,NULL,'2015-08-06 00:00:00',2007,'siruela','primera'),(228,'978-956-347-686-6','Historia del teatro en Chile (1941-1990)',198,NULL,'2015-08-05 00:00:00',2014,'taurus','I'),(229,'9781616890681','Le Corbusier Redrawn',199,NULL,'2015-07-14 00:00:00',2012,'Princeton Architectural Press','1a'),(230,'9780262521246','A Concrete Atlantis',200,NULL,'2015-07-14 00:00:00',1989,'The MIT Press','1a'),(231,'9788430938698','\"CINCO CARAS DE LA MODERNIDAD: MODERNISMO, VANGUARDIA, DECADENCIA, KITSCH, POSTMODERNISMO\"',201,NULL,'2015-06-05 00:00:00',2002,'Tecnos','1'),(232,'978-0632063789','Introduction to Ore-Forming Processes',202,NULL,'2015-06-04 00:00:00',2005,'Blackwell Science Ltd','Primera'),(233,'978-1107022225','Ore Deposit Geology',203,NULL,'2015-06-04 00:00:00',2013,'Cambridge University Press','Primera'),(234,'978 847 844 2102','Asi lo veo Yo',204,NULL,'2015-04-30 00:00:00',2001,'Siruela','siruela'),(235,'84-460-1083-6','Diccionario Akal del color',205,NULL,'2015-04-30 00:00:00',2001,'akal','ESPAï¿œA'),(236,'978 8489882089','Teoria de los colores',NULL,NULL,'2015-04-30 00:00:00',2001,'Colegio oficial de aparejadores y arquitectos tecnic','Murcia'),(237,'978-84-7953-628-2','El color. Un mï¿œtodo para dominar el arte de combinar colores',207,NULL,'2015-04-30 00:00:00',2006,'Urano','espaï¿œa'),(238,'978-84-96898','Ante la Imagen',208,NULL,'2015-04-30 00:00:00',2010,'cendeuc','MURCIA'),(239,'978-3936646368','Eric Fischl: The Krefeld-Project',209,NULL,'2015-04-30 00:00:00',2001,'Kerber ','Kerber '),(240,'978-3936646368','Eric Fischl: The Krefeld-Project',209,NULL,'2015-04-30 00:00:00',2001,'Kerber ','Kerber '),(241,'978 8881581177','Boltanski',210,NULL,'2015-04-30 00:00:00',2010,'charta','charta'),(242,'978 841 530 3510','David Hockeney: El gran Mensaje',204,NULL,'2015-04-30 00:00:00',2001,'la fabrica','a fabrica'),(243,'978 84 252 2289-4','\"Colores, Historia y significado\"',211,NULL,'2015-04-30 00:00:00',2001,'Gustavo Gili','Gustavo Gili'),(244,'84-96299-40-6','Un arte contextual',212,NULL,'2015-04-30 00:00:00',2012,'cendeuc','MURCIA'),(245,'978-0500275351','Lucian Freud Paintings',213,NULL,'2015-04-30 00:00:00',2001,'Thames & Hudson','Thames & Hudson'),(246,'978-84-939902-7-5','El siglo del Collage. Una apreciaciï¿œn radical',214,NULL,'2015-04-30 00:00:00',2012,'elba','barcelona'),(247,'978-84-8191','La Pintura Encarnada',208,NULL,'2015-04-30 00:00:00',2007,'pre-textos','espaï¿œa'),(248,'bpm512.a3','trigonometria',NULL,NULL,'2015-04-23 00:00:00',2006,'pearson','septima'),(249,'521790697','Clinical Biochemistry of Domestic Animals',NULL,NULL,'2015-04-10 00:00:00',2008,'Elsievier','6'),(250,'978-1-118-47273-6','\"Veterinary Hematology and Clinical Chemistry,\"',NULL,NULL,'2015-04-10 00:00:00',2012,'Wiley-Blackwell','2nd Edition'),(251,'9781437701739','Veterinary Hematology: A Diagnostic Guide and Color Atlas',218,NULL,'2015-04-10 00:00:00',2012,'Elsievier','1'),(252,'978-1455740833','Canine and Feline Cytology: A Color Atlas and Interpretation Guide',NULL,NULL,'2015-04-10 00:00:00',2015,'Saunders','3'),(253,'978-1118611272','Exotic Animal Hematology and Cytology',220,NULL,'2015-04-10 00:00:00',2015,'Wiley-Blackwell','4'),(254,'978-1416061304','Infectious Diseases of the Dog and Cat',221,NULL,'2015-04-10 00:00:00',2011,'Saunders','4'),(255,'978-0323044684','\"Atlas of Canine and Feline Peripheral Blood Smears, 1e (Small Animal Laboratory Essentials)\"',NULL,NULL,'2015-04-10 00:00:00',2013,'Mosby','1'),(256,'978-0-8138-1798-9','Schalm\'s Veterinary Hematology',NULL,NULL,'2015-04-10 00:00:00',2010,'Wiley-Blackwell','6th Edition'),(257,'978-1-4443-4836-1','Sedimentology and Sedimentary Basins: From Turbulence to Tectonics',224,NULL,'2015-03-19 00:00:00',2011,'Wiley-Blackwell','2nd Edition'),(258,'978-0-521-51664-8','Structural Geology',225,NULL,'2015-03-18 00:00:00',2011,'Cambridge University Press','Reprinted with correc'),(259,'9789567770106','Atlas para la identificacion de elementos parasitarios microscopicos en deposiciones',NULL,NULL,'2015-01-21 00:00:00',2014,'\"Instituto de Salud Pï¿œblica de Chile, Ministerio de Salud, Gobierno de Chile\"','Segunda'),(260,'978-84-206-6308-1','Historia de la Mï¿œsica occidental',227,NULL,'2014-12-22 00:00:00',2011,'Alianza Musica','6ï¿œ'),(261,'978-84-206-8207-5','La interpretaciï¿œn histï¿œrica de la mï¿œsica',228,NULL,'2014-12-22 00:00:00',2005,'Alianza Musica','1'),(262,'978-84-206-6468-2','La mï¿œsica en la ï¿œpoca Barroca',NULL,NULL,'2014-12-22 00:00:00',2002,'Alianza Musica','2'),(263,'978-84-206-6465-1','Un siglo de mï¿œsica grabada',230,NULL,'2014-12-22 00:00:00',2002,'Alianza Musica','1'),(264,'1505634644','Biomimicry Resource Handbook',231,NULL,'2014-12-19 00:00:00',2014,'CreateSpace','1ra'),(265,'9781597267151','Biophilic Cities: Integrating Nature Into Urban Design and Planning',232,NULL,'2014-12-18 00:00:00',2011,'Island Press','cualquiera'),(266,'9788488386786','\"JOAO LUIS CARRILHO DA GRACA, TRAZAR CONEXIONES, CONSTRUIR PAUTAS\"',233,NULL,'2014-12-17 00:00:00',2013,'EL CROQUIS','INGLES / ESPAï¿œOL'),(267,'9783869223360','Constructores Inmigrantes. Transferencia de Alemania a Chile',NULL,NULL,'2014-12-17 00:00:00',2013,'Ediciones UC','1a ediciï¿œn'),(268,'9788488386816','\"MVRDV, CIUDAD EVOLUTIVA\"',NULL,NULL,'2014-12-17 00:00:00',2014,'EL CROQUIS','INGLES / ESPAï¿œOL'),(269,'9789569082009','Arquitectura: Crï¿œtica y Nueva ï¿œpoca',236,NULL,'2014-12-17 00:00:00',2011,'Stoq','1a ediciï¿œn'),(270,'9788488386823','\"DAVID CHIPPERFIELD, FIGURA Y ABSTRACCIï¿œN\"',237,NULL,'2014-12-17 00:00:00',2014,'EL CROQUIS','INGLES / ESPAï¿œOL'),(271,'9788488386700','\"Bevk Perovic, CONDICIONALISMO\"',238,NULL,'2014-12-17 00:00:00',2012,'EL CROQUIS','INGLES / ESPAï¿œOL'),(272,'9788488386793','\"SELGASCANO, VACILANTE NATURALEZ\"',NULL,NULL,'2014-12-17 00:00:00',2013,'EL CROQUIS','INGLES / ESPAï¿œOL'),(273,'9788425227097','Arquitectura y Crï¿œtica',240,NULL,'2014-12-17 00:00:00',2013,'GG','3a ediciï¿œn'),(274,'9788425226267','Los ojos de la piel. La arquitectura y los sentidos',241,NULL,'2014-12-17 00:00:00',2014,'GG','2da ediciï¿œn'),(275,'9788488386779','\"ALVARO SIZA, LECCIONES MAGISTRALES\"',242,NULL,'2014-12-17 00:00:00',2013,'EL CROQUIS','INGLES / ESPAï¿œOL'),(276,'9788488386762','\"SMILJAN RADIC, EL JUEGO DE LOS OPUESTOS\"',243,NULL,'2014-12-17 00:00:00',2013,'EL CROQUIS','INGLES / ESPAï¿œOL'),(277,'8488386737','Glenn Murcutt Feathers Of Metal',244,NULL,'2014-12-17 00:00:00',2012,'EL CROQUIS','INGLES / ESPAï¿œOL'),(278,'9788488386809','\"STEVEN HOLL, CONCEPTOS Y MELODï¿œAS\"',245,NULL,'2014-12-17 00:00:00',2014,'EL CROQUIS','INGLES / ESPAï¿œOL'),(279,'9788488386694','\"Neutelings Riedijk, CONVENCIONES E IDENTIDAD\"',246,NULL,'2014-12-17 00:00:00',2012,'EL CROQUIS','INGLES / ESPAï¿œOL'),(280,'9788425227097','Arquitectura y Crï¿œtica',240,NULL,'2014-12-17 00:00:00',2013,'GG','3a ediciï¿œn'),(281,'9788488386670','\"Studio Mumbai, MANERAS DE HACER Y DE FABRICAR\"',247,NULL,'2014-12-17 00:00:00',2011,'EL CROQUIS','INGLES / ESPAï¿œOL'),(282,'9788488386656','\"Valerio Olgiati, AFINADAS DISCORDANCIAS\"',248,NULL,'2014-12-17 00:00:00',2011,'EL CROQUIS','INGLES / ESPAï¿œOL'),(283,'9788488386649','\"SANAA, ARQUITECTURA INORGï¿œNICA\"',249,NULL,'2014-12-17 00:00:00',2011,'EL CROQUIS','INGLES / ESPAï¿œOL'),(284,'9788488386632','\"Aires Mateus, CONSTRUIR EL MOLDE DEL ESPACIO\"',250,NULL,'2014-12-17 00:00:00',2011,'EL CROQUIS','INGLES / ESPAï¿œOL'),(285,'9788488386625','\"Herzog & de Meuron, PROGRAMA, MONUMENTO, PAISAJE\"',251,NULL,'2014-12-17 00:00:00',2011,'EL CROQUIS','INGLES / ESPAï¿œOL'),(286,'9788488386618','\"Sou Fujimoto, TEORï¿œA E INTUICIï¿œN, MARCA Y EXPERIENCIA\"',252,NULL,'2014-12-17 00:00:00',2010,'EL CROQUIS','INGLES / ESPAï¿œOL'),(287,'9788488386755','\"Caruso St John, RUDA SUTILEZA\"',253,NULL,'2014-12-17 00:00:00',2013,'EL CROQUIS','INGLES / ESPAï¿œOL'),(288,'9788488386748','\"Sean Godsell, RUDA SUTILEZA\"',254,NULL,'2014-12-17 00:00:00',2013,'EL CROQUIS','INGLES / ESPAï¿œOL'),(289,'9788488386724','\"RCR Arquitectes, ABSTRACCIï¿œN POï¿œTICA\"',255,NULL,'2014-12-17 00:00:00',2012,'EL CROQUIS','INGLES / ESPAï¿œOL'),(290,'9788488386717','\"Mansilla+Tuï¿œï¿œn, GEOMETRï¿œAS ACTIVAS\"',NULL,NULL,'2014-12-17 00:00:00',2012,'EL CROQUIS','INGLES / ESPAï¿œOL'),(291,'9788447033027','ECONOMIA URBANA Y REGIONAL: INTRODUCCION A LA GEOGRAFIA ECONOMICA',257,NULL,'2014-12-16 00:00:00',2014,'S.L. CIVITAS EDICIONES','1ra'),(292,'1-57230-049-3','Spatial Behavior: A Geographic Perspective',258,NULL,'2014-12-15 00:00:00',1997,'The Guilford Press','1st'),(293,'978-956-9412-06-6','Ecologï¿œa Forestal: Bases para el manejo sustentable y conservaciï¿œn de los bosques nativos de Chile',NULL,NULL,'2014-11-24 00:00:00',2014,'Ediciones UACh (Universidad Austral de Chile)','primera'),(294,'978-956-220-366-1','Gestion del Cuidado en Enfermeria.',NULL,NULL,'2014-10-05 00:00:00',2014,'Mediterraneo','1'),(295,'978-956-220-366-1','Gestion del Cuidado en Enfermeria.',NULL,NULL,'2014-10-05 00:00:00',2014,'Mediterraneo','1'),(296,'0','Aprender a Cuidar. Didactica del Proceso de Enfermeria.',NULL,NULL,'2014-10-05 00:00:00',2,'Mediterraneo','1'),(297,'0','Aprender a Cuidar. Didactica del Proceso de Enfermeria.',NULL,NULL,'2014-10-05 00:00:00',2014,'Mediterraneo','1'),(298,'0','Aprender a Cuidar. Didactica del Proceso de Enfermeria.',NULL,NULL,'2014-10-05 00:00:00',2014,'Mediterraneo','1'),(299,'0','Aprender a Cuidar. Didactica del Proceso de Enfermeria.',NULL,NULL,'2014-10-05 00:00:00',2014,'Mediterraneo','1'),(300,'978-956-220-366-1','Gestion del Cuidado en Enfermeria.',NULL,NULL,'2014-10-05 00:00:00',2014,'Mediterraneo','1'),(301,'9788483223895','Geomorfologï¿œa',262,NULL,'2014-09-01 00:00:00',2008,'Pearson','1'),(302,'978-956-7770-10-6','Atlas para la identificacion de elementos parasitarios microscopicos en deposiciones',263,NULL,'2014-08-27 00:00:00',2014,'\"Instituto de Salud Publica de Chile, Ministerio de Salud\"','segunda'),(303,'978-0615264097','The American Vitruvius: An Architects\' Handbook of Civic Art',NULL,NULL,'2014-06-11 00:00:00',2008,'De Facto Publishing','quinta'),(304,'9780415424073','\"Sitte, Hegemann and the Metropolis: Modern Civic Art and International Exchanges\"',NULL,NULL,'2014-06-11 00:00:00',2013,'Routledge','segunda'),(305,'9788481749137','PROYECCIONES RADIOLOGICAS Y CORRELACION ANATOMICA (6ï¿œ ED.)',266,NULL,'2014-05-08 00:00:00',2006,'ELSEVIER ESPAï¿œA','septima'),(306,'978-1-118-59113-0','Techniques for Virtual Palaeontology',NULL,NULL,'2014-04-24 00:00:00',2014,'Wiley','1'),(307,'978-956-332-448-8','ï¿œQuiï¿œn le pï¿œne el cascabel al gato?',268,NULL,'2014-04-04 00:00:00',2010,'Autoediciï¿œn Financiada FC Go.Reg. Tarapacï¿œ Emelnor Impresores','I'),(308,'9788496898417','DIDACTICA DE LA LIBERACION: ARTE CONCEPTUALISTA LATINOAMERICANO',269,NULL,'2014-03-20 00:00:00',2009,'CENDEAC','1'),(309,'978-3-85881-723-5','\"Peter Zumthor: Buildings and Projects, 1985-2013\"',270,NULL,'2014-03-12 00:00:00',2014,'\"Scheidegger und Spiess AG, Verlag\"','1'),(310,'84-036-0071-2','Arquitectura Contemporï¿œnea',271,NULL,'2014-03-12 00:00:00',1989,'Aguilar-Asuri','1'),(311,'9788425211713','\"LA ESFERA Y EL LABERINTO, Vanguardia y arquitectura de Piranesi a los aï¿œos \'70\"',271,NULL,'2014-03-12 00:00:00',1984,'GUSTAVO GILI','1'),(312,'9788482110837','Teorï¿œas e Historia de la Arquitectura',271,NULL,'2014-03-12 00:00:00',1997,'Celeste','1'),(313,'9788429126280','Fundamentos de Economï¿œa',NULL,NULL,'2014-03-10 00:00:00',2012,'Revertï¿œ','Segunda'),(314,'978-0030202865','Form in tonal music: an introduction to analysis',274,NULL,'2013-12-23 00:00:00',1979,'\"Holt, Rinehart & Winston\"','2nd'),(315,'ISBN-13: 978-0155062','Anthology of Musical Analysis',275,NULL,'2013-12-21 00:00:00',2003,'Wadsworth Publishing Co Inc','6th Revised edition'),(316,'9788448139988','INGENIERIA DE CARRETERAS Vol. II',NULL,NULL,'2013-10-11 00:00:00',2004,'MCGRAW-HILL / INTERAMERICANA DE ESPAï¿œA S.A.','Primera Edicion'),(317,'1119991498','Handbook of Marine Craft Hydrodynamics and Motion Control',277,NULL,'2013-10-07 00:00:00',2011,'Wiley','1'),(318,'471941131','Guidance and Control of Ocean Vehicles',277,NULL,'2013-10-07 00:00:00',1994,'Wiley','1'),(319,'9561906481','Suelos de Chile',NULL,NULL,'2013-10-04 00:00:00',2010,'Walter Luzio','1'),(320,'41545','Historia de la mï¿œsica occidental de Carlos Poblete Varas',279,NULL,'2013-10-01 00:00:00',1982,'\"Ediciones Universitarias de Valparaï¿œso, Universidad Catï¿œlica de Valparaï¿œso.\"','Tercera ediciï¿œn'),(321,'978-987-629-327-3','Por una pedagogï¿œa de la pregunta',NULL,NULL,'2013-09-26 00:00:00',2013,'978-987-629-327-3','1'),(322,'84-95897-09-1','Corpus',141,NULL,'2013-09-03 00:00:00',2003,'Arena Libros','1ï¿œ ESPAï¿œOL'),(323,'8437617251','Ulises',281,NULL,'2013-08-29 00:00:00',2005,'Cï¿œtedra','5'),(324,'9788483223895','Geomorfologï¿œa',282,NULL,'2013-08-26 00:00:00',2008,'Prentice Hall','1'),(325,'978-84-936743-1','Construyendo escuelas democrï¿œticas',NULL,NULL,'2013-08-26 00:00:00',2008,'Hipatia','2ï¿œ'),(326,'84-7827-256-9','El legado Pedagï¿œgico del siglo XX para la escuela del siglo XXI',284,NULL,'2013-08-26 00:00:00',2002,'GRAO','2ï¿œ'),(327,'978-84-936743-0-4','Aprendizaje dialï¿œgico en la Sociedad de la Informaciï¿œn',NULL,NULL,'2013-08-26 00:00:00',2010,'Hipatia','3ï¿œ'),(328,'978-956-296-075-5','Administraciï¿œn y Gestiï¿œn efectiva en la unidad escolar',286,NULL,'2013-08-26 00:00:00',2009,'Universidad de Playa Ancha','1'),(329,'6071508762','Parasitologï¿œa humana',287,NULL,'2013-08-05 00:00:00',2013,'Mc Graw Hill','1'),(330,'0 8135 1762 1','The Anthropology of Self and Behavior',288,NULL,'2013-08-01 00:00:00',1992,'Rutgers University Press','1'),(331,'9780521426091','New Directions in Psychological Anthropology',NULL,NULL,'2013-08-01 00:00:00',1993,'Cambridge University Press','1993'),(332,'123456789','Prueba',NULL,NULL,'2013-07-10 00:00:00',2013,'Prueba','1'),(333,'2336-3012','Prueba',NULL,NULL,'2013-05-13 00:00:00',2013,'UACh','1'),(334,'978-607-15-0744-0','Micologï¿œa - Mï¿œdica Bï¿œsica',29,NULL,'2013-03-14 00:00:00',2012,'McGraw Hill','4'),(335,'978-84-9801-539-3','100 ideas que cambiaron la arquitecura',292,NULL,'2013-02-04 00:00:00',2012,'Blume','1'),(336,'9788498015744','\"Leer la arquitecura, diccionario visual\"',293,NULL,'2013-02-04 00:00:00',2012,'Blume','1'),(337,'978-84-9801-353-5','OBRAS MAESTRAS DE LA ARQUITECTURA MUNDIAL',294,NULL,'2013-02-04 00:00:00',2012,'Blume','1'),(338,'9789561411456','Bases Cientï¿œficas de la Drogadicciï¿œn',NULL,NULL,'2013-01-21 00:00:00',2010,'Ediciones Universidad Catï¿œlica de Chile','1ï¿œ'),(339,'978-84-8174-709-6','Mï¿œtodos de investigaciï¿œn clï¿œnica y epidemiolï¿œgica',296,NULL,'2013-01-16 00:00:00',2009,'Elsevier','tercera'),(340,'1891276492','\"Macroevolution: Diversity, Disparity, Contingency: Essays in Honor of Stephen Jay Gould\"',297,NULL,'2013-01-09 00:00:00',2005,'Paleontological Society','1'),(341,'9780716706137','Principles of paleontology',298,NULL,'2013-01-09 00:00:00',2007,'W H Freeman','3'),(342,'84-8086-959-1','Nelson Tratado de Pediatrï¿œa',NULL,NULL,'2013-01-07 00:00:00',2012,'Elsevier','19'),(343,'978-1449601911','Invitation to Oceanography',NULL,NULL,'2012-12-19 00:00:00',2011,'Jones & Bartlett','6ta'),(344,'978-0471974710','Estuaries: A Physical Introduction',NULL,NULL,'2012-12-19 00:00:00',1998,'Wiley','2da'),(345,'9781437719352','Obstetrics: Normal and Problem Pregnancies:',302,NULL,'2012-12-11 00:00:00',2012,'saunders','6'),(346,'9781608313815','Fetal Monitoring Interpretation',303,NULL,'2012-12-11 00:00:00',2010,'Lippincott Williams and Wilkins','primera'),(347,'9786077743231','cirugï¿œa endoscï¿œpica en ginecologï¿œa',304,NULL,'2012-12-11 00:00:00',2011,'panamericana','primera'),(348,'8498352738','Doppler en medicina fetal',NULL,NULL,'2012-12-11 00:00:00',2010,'panamericana','primera'),(349,'9788481021196','GRANDES CALLES',306,NULL,'2012-11-19 00:00:00',1996,'UNIVERSIDAD DE CANTABRIA','1'),(350,'9788423333356','EL CONOCIMIENTO SECRETO',307,NULL,'2012-11-04 00:00:00',2001,'Destino','espaï¿œol'),(351,'9788423333356','EL CONOCIMIENTO SECRETO',307,NULL,'2012-10-30 00:00:00',2001,'Destino','espaï¿œol'),(352,'9702610842','Finanzas Corporativas',NULL,NULL,'2012-08-14 00:00:00',2008,'Pearson Chile','1a.'),(353,'9786073202527','Las Finanzas en las Empresas Multinacionales',NULL,NULL,'2012-08-14 00:00:00',2010,'Pearson Chile','12'),(354,'978-3-03778-189-0','Ecological Urbanism',178,NULL,'2012-08-13 00:00:00',2010,'Harvard University Graduate School of Design ï¿œ Mohsen Mostafavi y Gareth Doherty','1'),(355,'978-84-939409-3-5','INTRODUCCION AL URBANISMO. LA EVOLUCIï¿œN DE LAS CIUDADES: LA LECCIï¿œN DE LA ANTIGï¿œEDAD',310,NULL,'2012-07-26 00:00:00',2012,'FUNDACION CAJA DE ARQUITECTOS','1'),(356,'978-1-60344-135-3','chilean modern architecture since 1950',NULL,NULL,'2012-05-29 00:00:00',2010,'\"Texas A&M University Press, College Station\"','1'),(357,'323095615','Pathologic Basis of Veterinary Disease',312,NULL,'2012-05-01 00:00:00',2011,'Mosby','5'),(358,'84-7903-917-5','Psicologia',313,NULL,'2012-04-16 00:00:00',2005,'Medica Panamericana','7ï¿œ'),(359,'970-613-693-2','Teorï¿œas de la Personalidad',314,NULL,'2012-04-16 00:00:00',2001,'Oxford university press','segunda'),(360,'978-84-9940-089-1','DICCIONARIO DE TERMINOS SOBRE LA CIUDAD Y LO URBANO',315,NULL,'2012-04-10 00:00:00',2010,'Biblioteca Nueva SL','1'),(361,'978-84-252-2071-5','Urbanismo Bioclimï¿œtico',316,NULL,'2012-04-10 00:00:00',2006,'Gustavo Gili- Espaï¿œa','1'),(362,'9789561411920','Pediatrï¿œa Ambulatoria con Enfoque Integral',317,NULL,'2012-04-04 00:00:00',2009,'Ediciones Universidad Catï¿œlica','1ra.'),(363,'956-220-239-9','Semiologï¿œa Pediatrica',NULL,NULL,'2012-04-04 00:00:00',2004,'Mediterrï¿œneo','1ra.'),(364,'978-956-220-323-4','Pediatrï¿œa Ambulatoria',319,NULL,'2012-04-04 00:00:00',2011,'Mediterrï¿œneo','2da.'),(365,'6071502993','Desarrollo Humano',320,NULL,'2012-04-02 00:00:00',2010,'McGraw-Hill','11'),(366,'978-1-4020-8645-8','Dimensions of the Sustainable City',NULL,NULL,'2012-03-17 00:00:00',2010,'Springer','1'),(367,'9788425220524','la ciudad generica',322,NULL,'2012-02-29 00:00:00',2011,'GGILI','sin informacion'),(368,'9788425220357','IDEAS QUE HAN CONFIGURADO EDIFCIIOS',323,NULL,'2012-02-29 00:00:00',2007,'GGILI','SIN INFORMACION'),(369,'9788425221910','Espacio Basura',322,NULL,'2012-02-29 00:00:00',2008,'GGILI','SIN INFORMACION'),(370,'9788425224379','\"Arquitectura y politica, ensayos para mundos anternativos\"',NULL,NULL,'2012-02-29 00:00:00',2011,'GGILI','SIN INFORMACION'),(371,'9788432313394','LA ARQUEOLOGIA DEL SABER',325,NULL,'2012-02-29 00:00:00',2009,'SIGLO XXI','SIN INFORMACION'),(372,'9788425223860','DICCIONARO MANUAL ILUSTRADO DE ARQUITECTURA',NULL,NULL,'2012-02-29 00:00:00',2011,'GGILI','13ï¿œ REIMPRESION'),(373,'9788425224102','DIEZ EDIFICIO CANONICOS 1950-2000',327,NULL,'2012-02-29 00:00:00',2011,'GGILI','SIN'),(374,'9788425223921','\"SENDAS ONIRICAS DE SINGAPUR, RETRATO DE UNA METROPOLIS POTEMKIMï¿œ O TREINTA Aï¿œOS DE TABLA RASA\"',322,NULL,'2012-02-29 00:00:00',2011,'GGILI','SIN INFORMACION'),(375,'9788425222719','CASA CON PATIO',NULL,NULL,'2012-02-29 00:00:00',2009,'GGILI','SIN'),(376,'9788425222924','ARQUITECTURA MODERNA EN ZONAS SISMICAS',329,NULL,'2012-02-29 00:00:00',200,'GGILI','SIN INFORMACION'),(377,'97884252221903','SISTENAS ARQUITECTONICOS CONTEMPORANEOS',296,NULL,'2012-02-29 00:00:00',2008,'GGILI','SIN INFORMACION'),(378,'97884252222368','ALEGORIA DEL PATRIMONIO',330,NULL,'2012-02-29 00:00:00',2007,'GGILI','SIN INFORMACION'),(379,'9788425221200','APRENDIENDO DEL POP',331,NULL,'2012-02-29 00:00:00',2007,'GGILI','SIN INFORMACION'),(380,'9788425221200','APRENDIENDO DEL POP',331,NULL,'2012-02-29 00:00:00',2007,'GGILI','SIN INFORMACION'),(381,'9788425218514','\"MEGAESTRUCTURAS, FUTURO URBANO DEL PASADO RECIENTE\"',200,NULL,'2012-02-29 00:00:00',2001,'GGILI','SI'),(382,'9788425223877','\"2G LIBROS, LINA BOBARDI, OBRA CONSTRUIDA\"',332,NULL,'2012-02-29 00:00:00',2010,'GGILI','SIN INFORMACION'),(383,'84-334-0092-7','Estï¿œtica de la desapariciï¿œn',NULL,NULL,'2012-01-30 00:00:00',1988,'Anagrama','1ï¿œ'),(384,'980-276-062-5','\"manifiestos,proclamas y polï¿œmicas de la vanguardia literaria hispanoamericana\"',NULL,NULL,'2012-01-30 00:00:00',1988,'Biblioteca Ayacucho','1ï¿œ'),(385,'84-493-1036-9','Despuï¿œs del fin del arte.El arte contemporï¿œneo y el linde de la historia',NULL,NULL,'2012-01-30 00:00:00',2003,'Paidos','1ï¿œ'),(386,'978-1-4443-3334-3','Handbook of Food Safety Engineering',336,NULL,'2011-12-15 00:00:00',2011,'Wiley-Blackwell','Primera'),(387,'9788425218293','\"La buena vida, visita guiada a las casas de la modernidad\"',337,NULL,'2011-12-13 00:00:00',2011,'Gustavo Gili','1'),(388,'9788425221026','HISTORIA DE LA ARQUTECTURA MEXICANA',338,NULL,'2011-12-13 00:00:00',2008,'GUSTAVO GILI','SIN INFORMACION'),(389,'9788425222740','HISTORIA CRITICA DE LA ARQUITECTURA MODERNA',339,NULL,'2011-12-13 00:00:00',2010,'GUSTAVO GILI','SIN INFORMACION'),(390,'9788425219559','Arquitectura latinoamericana contemporanea',340,NULL,'2011-12-13 00:00:00',2004,'gustavo gili','sin informacion'),(391,'9788425222351','La arquitectura compuesta por partes',341,NULL,'2011-12-13 00:00:00',2009,'gustavo gili','sin informacion'),(392,'9788425223303','Lo Ordinario',342,NULL,'2011-12-13 00:00:00',2010,'Gustavo Gili','primera'),(393,'9788425223273','Pensar la arquitectura',343,NULL,'2011-12-13 00:00:00',2010,'Gusravo Gili','sin informacion'),(394,'9788425224058','\"Cuestiones de persepcion, Fenomenologia de la arquitectura\"',245,NULL,'2011-12-13 00:00:00',2011,'Gustavo Gili','primera'),(395,'9788425223310','La ciudad',344,NULL,'2011-12-13 00:00:00',2011,'Gustavo Gili','primera'),(396,'9788425219887','\"LA ARQUITECTURA MODERNA, UNA HISTORIA DESAPASIONADA\"',345,NULL,'2011-12-13 00:00:00',2005,'GUSTAVO GILI','SIN INFORMACION'),(397,'9788425223617','\"Historia del presente inmediato, la invencion del movimiento moderno arquitectonico\"',346,NULL,'2011-12-13 00:00:00',2011,'Gustavo Gili','primera'),(398,'9788425221170','Atmosferas',343,NULL,'2011-12-13 00:00:00',2009,'Gustavo Gili','3'),(399,'978-84-323-0332-6','Vigilar y Castigar',325,NULL,'2011-12-13 00:00:00',1978,'Siglo XXI','1978'),(400,'9788432313394','La arqueologia del saber',347,NULL,'2011-12-13 00:00:00',2009,'Siglo XXI','2009'),(401,'9788425224041','\"Grandeza, o el problema de la talla\"',322,NULL,'2011-12-13 00:00:00',2011,'Gustavo Gili','GG minima'),(402,'978-607-15-0600-9','Administraciï¿œn de Operaciones. Conceptos y casos contemporï¿œneos',348,NULL,'2011-11-30 00:00:00',2011,'Mc Graw Hill','Quinta'),(403,'9789682428333','\"Color ambiental, aplicaciones en arquitectura\"',349,NULL,'2011-11-24 00:00:00',1988,'TRILLAS','1A'),(404,'9783433018385','The history of the theory of structures: from arch analysis to computational mechanics',350,NULL,'2011-11-22 00:00:00',2008,'Ernst & Sohn','Primera'),(405,'\"8446024004, 97884460\"','\"Arte desde 1900: modernidad, antimodernidad, posmodernidad\"',NULL,NULL,'2011-09-06 00:00:00',2006,'AKAL','ESPAï¿œOL'),(406,'978-0-19-956356-2','\"URBAN ECOLOGY. Patterns, Processes, and Applications\"',NULL,NULL,'2011-08-19 00:00:00',2011,'OXFORD','1'),(407,'750645520','Descriptive Physical Oceanography',NULL,NULL,'2011-06-14 00:00:00',2011,'Academic Press','Sexta ediciï¿œn'),(408,'978956220-314-2','Obstetricia',354,NULL,'2011-04-27 00:00:00',2011,'Mediterrï¿œneo','Cuarta (4ï¿œ)'),(409,'978-84-8164-419-7','Obras completas George Trakl',NULL,NULL,'2011-04-06 00:00:00',2000,'Editorial Trotta S.A.','Segunda'),(410,'978-84-9879-18','Poesï¿œa completa',NULL,NULL,'2011-04-06 00:00:00',2010,'Editorial Trotta S.A.','Primera'),(411,'3433018383','The history of the theory of structures',356,NULL,'2011-03-29 00:00:00',2088,'wiley-vch','1'),(412,'9780691023939','The tower and the bridge: The new art of structural engineering',357,NULL,'2011-03-29 00:00:00',1111,'princeton university press','1'),(413,'978-0-8138-1668-5','Nonthermal Processing Technologies for Food',358,NULL,'2011-03-17 00:00:00',2011,'Wiley-Blackwell','1ï¿œ'),(414,'3-540-31210-2','\"Handbook of soil analysis: mineralogical, organic and inorganic methods\"',NULL,NULL,'2011-03-16 00:00:00',2006,'Springer','1'),(415,'978-956-19-0648-8','Suelos de Chile',278,NULL,'2011-03-16 00:00:00',2010,'Universidad de Chile','1'),(416,'0773536655) 9780773','Circulation and the City Essays on Urban Culture',361,NULL,'2011-03-10 00:00:00',2010,'Mc Gill-queens University Press','1'),(417,'1560222719','\"Handbook of Potato Production, Improvement, And Postharvest Management\"',362,NULL,'2011-03-01 00:00:00',2006,'Haworth Pr Inc','1'),(418,'970-686-839-9','Administracion de Operaciones',363,NULL,'2011-01-04 00:00:00',2009,'CENGAGE Learning','segunda edicion'),(419,'978-1-4051-9978-0','Practical Food Rheology: An Interpretive Approach',NULL,NULL,'2010-12-27 00:00:00',2011,'Wiley-Blackwell','Primera'),(420,'9780521743495','Urban Ecology (Ecological Reviews)',365,NULL,'2010-11-11 00:00:00',2010,'Cambridge University Press','primera'),(421,'978-0-8153-4106-2','Molecular Biology of the Cell',366,NULL,'2010-10-19 00:00:00',2008,'Garland','5'),(422,'941022749','Ultrasound Physics Review: A Review for the Ardms SPI Exam',367,NULL,'2010-08-23 00:00:00',2009,'Davies (ver: http://www.amazon.com/Ultrasound-Physics-Review-Ardms-Exam/dp/0941022749/ref=dp_cp_ob_','1'),(423,'8531401488','\"Adaptabilidade Humana, Introduï¿œao a Antropologia Ecologica.\"',368,NULL,'2010-08-20 00:00:00',1994,'EDUSP','10'),(424,'9789871566303','La sociedad sin relato. Antrop.y estï¿œtica de la inminencia',369,NULL,'2010-08-12 00:00:00',2010,'Katz editores','1ï¿œ'),(425,'9788496424586','Arquitectura del paisaje',NULL,NULL,'2010-07-15 00:00:00',2006,'Ed. Links Structure','1'),(426,'ISBN-13: 978-0471870','Landscape ecology',NULL,NULL,'2010-07-15 00:00:00',1986,'\"Wiley & Sons Inc, New York\"','99'),(427,'ISBN-13: 978-8482112','La arquitectura de los jardines. De la antigï¿œedad al siglo XX.',NULL,NULL,'2010-07-15 00:00:00',2001,'\"Ed.Mairea-Celeste, Madrid\"','1a ediciï¿œn'),(428,'9788449700774','ECOLOGIA URBANA',373,NULL,'2010-07-14 00:00:00',2001,'RUBES','PRIMERA'),(429,'978-970-26-0851-6','Fï¿œsica',374,NULL,'2010-06-04 00:00:00',2007,'PEARSON educaciï¿œn','sexta'),(430,'9872082111','Las bases de la medicina basada en evidencias: Como leer un documento.',NULL,NULL,'2010-06-02 00:00:00',2005,'Volpe/Fox','1'),(431,'9789589181751','Epidemiologï¿œa clï¿œnica. Investigaciï¿œn clï¿œnica aplicada',376,NULL,'2010-06-02 00:00:00',2004,'\"Mï¿œdica Panamericana, S.A.\"','1'),(432,'8493558389','Diseï¿œo de Investigaciones Clï¿œnicas',377,NULL,'2010-06-02 00:00:00',2008,'\"Lippincott, Willians & Wilkins\"','3'),(433,'1850971269','Evidence-based Dentistry: Managing Information for Better Practice',NULL,NULL,'2010-06-02 00:00:00',2008,'Quintessence Publishing Co Ltd','1'),(434,'123738741','Research Methodology in the Medical and Biological Sciences',NULL,NULL,'2010-06-02 00:00:00',2007,'Academic Press','1'),(435,'8445818724','Fundamentos de radiologï¿œa dental',NULL,NULL,'2010-06-02 00:00:00',2008,'Elsevier','4'),(436,'978-0-470-51792-5','Statistical and Methodological Aspects of Oral Health Research',NULL,NULL,'2010-06-02 00:00:00',2009,'\"John Wiley & Sons, Inc.\"','1'),(437,'803929498','How Many Subjects?: Statistical Power Analysis in Research',NULL,NULL,'2010-06-02 00:00:00',1987,'\"Sage Publications, Inc\"','1'),(438,'ISBN-10: 0-309-10213','\"Nutrient Requirements of Small Ruminants:Sheep, Goats, Cervids, and New World Camelids\"',383,NULL,'2010-05-25 00:00:00',2007,'National Academy Press','ï¿œ?'),(439,'978-84-460-1532-1','Historia de la crï¿œtica literaria del siglo XX. Del formalismo al postestructuralismo',NULL,NULL,'2010-05-10 00:00:00',2010,'Librerï¿œa Aurea Clï¿œsicos','I'),(440,'8496235068','Estructuras o por quï¿œ las cosas no se caen',385,NULL,'2010-04-12 00:00:00',2004,'\"Calamar Ediciï¿œn y Diseï¿œo, S.L.\"','2'),(441,'9788498014358','La arquitectura de la luz natural',386,NULL,'2010-04-12 00:00:00',2009,'Blume','1'),(442,'8425222176','Color y luz. Teorï¿œa y prï¿œctica',387,NULL,'2010-04-12 00:00:00',2008,'Gustavo Gili','1'),(443,'978-0-321-59550-8','Undestanding Weather and Climate',388,NULL,'2010-04-05 00:00:00',2010,'Prentice Hall','5'),(444,'0','Inteligencia Social',389,NULL,'2010-03-17 00:00:00',2006,'planeta','PLANETA'),(445,'9789879649725','MANUAL Tï¿œCNICO DE LA AMERICAN ASSOCIATION OF BLOOD BANKS (AABB)',NULL,NULL,'2010-03-09 00:00:00',2007,'Z-E','15'),(446,'978-956-7892-21-1','1910-2010 Antologï¿œa: Un Siglo de Dramaturgia Chilena (4 tomos)',391,NULL,'2010-03-08 00:00:00',2010,'Bicentenario','1ï¿œ'),(447,'978-84-498-0822-7','Calmar el trï¿œfico. Pasos para una nueva cultura de la movilidad urbana.',392,NULL,'2010-03-03 00:00:00',2008,'\"D.G. de Planificaciï¿œn. Centro de Publicaciones, Ministerio de Fomento\"','3'),(448,'978-84-481-6283-2','Principios de Economï¿œa',393,NULL,'2010-03-03 00:00:00',2008,'Mc Graw Hill','Sexta'),(449,'978-84-481-6283-2','Principios de Economï¿œa',393,NULL,'2010-03-03 00:00:00',2008,'Mc Graw Hill','Sexta'),(450,'978-1-4020-8495-9','\"Ecopolis, Architecture and Cities for a Changing Climate\"',NULL,NULL,'2010-02-25 00:00:00',2009,'Springer Verlag. Australia','Future City Series'),(451,'0-9665807-7-X','A COLOR ATLAS OF PARASITOLOGY',395,NULL,'2010-01-07 00:00:00',2009,'UNIVERSITY OF SAN FRANCISCO sullivan@usfca.edu','PRIMERA'),(452,'978-970-10-6641-6','Sistemas de Control de Gestiï¿œn',396,NULL,'2009-12-22 00:00:00',2008,'Mc Graw Hill','Duodecima'),(453,'956-14-0759-0','Modelos del Cï¿œlculo para las Ciencias Mï¿œdicas',397,NULL,'2009-11-17 00:00:00',2005,'Ediciones Universidad Catï¿œlica de Chile','primera'),(454,'1853177040','clinical management of ovarian cancer',NULL,NULL,'2009-11-16 00:00:00',2001,'informa health care','1'),(455,'9788448156466','\"Manual de Maquinaria de Construcciï¿œn, 2ï¿œ ediciï¿œn (en espaï¿œol)\"',NULL,NULL,'2009-10-30 00:00:00',2007,'McGRAW HILL','2ï¿œ'),(456,'desconocido','Avances en psicoterapia y cambio psï¿œquico',NULL,NULL,'2009-09-29 00:00:00',2005,'desconocido','desconocido'),(457,'DESCONOCIDO','Psiquiatrï¿œa Clï¿œnica',NULL,NULL,'2009-09-29 00:00:00',2000,'DESCONOCIDO','DESCONOCIDO'),(458,'desconocido','Sinopsis de la Psiquiatrï¿œa',NULL,NULL,'2009-09-29 00:00:00',2004,'desconocido','desconocido'),(459,'desconocido','Fundamentos de Psiquiatrï¿œa Clï¿œnica',403,NULL,'2009-09-29 00:00:00',2005,'desconocido','desconocido'),(460,'desconocido','Sueï¿œo: diagnï¿œstico y tratamiento',NULL,NULL,'2009-09-29 00:00:00',2003,'desconocido','desconocido'),(461,'desconocida','Trastornos Bipolares',NULL,NULL,'2009-09-29 00:00:00',2006,'desconocido','desconocida'),(462,'desconocido','Tecnicas de Psicoterapias Dinamicas',NULL,NULL,'2009-09-29 00:00:00',1991,'desconocido','desconocido'),(463,'desconocido','Salud Familiar. Un modelo de Atenciï¿œn Integral en la Atenciï¿œn Primaria',407,NULL,'2009-09-29 00:00:00',2003,'Desconocido','desconocido'),(464,'desconocido','Psiquiatrï¿œa y Psicologia de la Infancia y Adolescencia',NULL,NULL,'2009-09-29 00:00:00',2000,'desconocido','desconocido'),(465,'desconocido','Recomendaciones terapï¿œuticas en los trastornos mentales',NULL,NULL,'2009-09-29 00:00:00',2000,'desconocido','desconocido'),(466,'desconocido','\"Depresiï¿œn, guia y terapeutica\"',NULL,NULL,'2009-09-29 00:00:00',2003,'desconocido','desconocido'),(467,'desconocido','Terapia Familiar y de Pareja',NULL,NULL,'2009-09-29 00:00:00',2006,'desconocido','desconocido'),(468,'9781420052527','Advances in Food Dehydration',412,NULL,'2009-08-21 00:00:00',2008,'CRC Press','Primera'),(469,'978-3-540-34191-8','Food Physics: Physical Properties - Measurement and Applications',NULL,NULL,'2009-08-21 00:00:00',2007,'Springer','Primera'),(470,'GU 2005','Psicopatologï¿œa de la Mujer',NULL,NULL,'2009-08-12 00:00:00',2005,'Mediterrï¿œneo','1ï¿œ ediciï¿œn'),(471,'GPU;3;2:132-133','PSIQUIATRï¿œA CLï¿œNICA EN LA UNIDAD DE CORTA ESTADIA',415,NULL,'2009-08-12 00:00:00',2007,'Serie Roja','Sonepsyn'),(472,'2;4:375-378','LA ESQUIZOFRENIA CLï¿œSICA',416,NULL,'2009-08-12 00:00:00',2006,'C&C Ediciones','segunda edicion am.'),(473,'9781585623099','TEXTBOOK OF PSYCHOPHARMACOLOGY',NULL,NULL,'2009-08-12 00:00:00',2009,'The American Psychiatric Publishing','Primera Ediciï¿œn'),(474,'471974714','Estuaries: A Physical Introduction',418,NULL,'2009-08-11 00:00:00',1998,'Wiley','2 edition'),(475,'750652780','Ocean Circulation',419,NULL,'2009-08-11 00:00:00',2001,'Butterworth-Heinemann','2nd edition'),(476,'1577664299','Introduction to Physical Oceanography',420,NULL,'2009-08-11 00:00:00',2005,'Waveland Pr Inc','2 edition'),(477,'970-07-5291-7','Sin novedad en el frente',421,NULL,'2009-08-11 00:00:00',2004,'Porrï¿œa','Cuarta'),(478,'978-0-521-77097-2','Modern Methods of Organic Synthesis',422,NULL,'2009-08-04 00:00:00',2004,'Canbridge University Press','Fourth Edition'),(479,'84-7039-842-3','Literatura de Viajes. El Viejo Mundo y el Nuevo.',NULL,NULL,'2009-08-02 00:00:00',1999,'Castalia-Ohio State University.','1ï¿œ Reimpresiï¿œn'),(480,'84-7584-001-9','Geografï¿œas mï¿œgicas. Viajeros espaï¿œoles del siglo XIX por paï¿œses exï¿œticos (1800-1913).',NULL,NULL,'2009-08-02 00:00:00',1984,'\"Michigan, University Microfilms International.\"','1ï¿œ Reimpresiï¿œn'),(481,'8483321947','Diccionario Ilustrado Latï¿œn-Espaï¿œol-Latï¿œn',425,NULL,'2009-07-29 00:00:00',2003,'Vox (Bibliogrï¿œfica)','21'),(482,'978-92-75-32913-9','Metodologï¿œa de la investigaciï¿œn',426,NULL,'2009-07-03 00:00:00',2008,'Organizaciï¿œn Panamericana de la salud','3ï¿œ'),(483,'189830916 7','The Creative City: A Toolkit for Urban Innovators',427,NULL,'2009-07-01 00:00:00',1998,'Demos','3'),(484,'978-956-7524-05-1','La Comunicaciï¿œn de la Ciencia en Chile',428,NULL,'2009-06-25 00:00:00',2008,'\"CONICYT, Menssage\"','Primera'),(485,'956-8118-09-8','Selleccionadas muestra off de dramaturgia',NULL,NULL,'2009-06-23 00:00:00',2003,'Ediciones del Temple','I'),(486,'956-18-0544-8','La palabra comprometida Tomo II',NULL,NULL,'2009-06-23 00:00:00',2005,'Don Bosco','I'),(487,'956-18-0543-X','La palabra comprometida Tomo I',NULL,NULL,'2009-06-23 00:00:00',2005,'Don Bosco','I'),(488,'956-303-017-6','Antologï¿œa crï¿œtica de la dramaturgia anarquista en Chile',NULL,NULL,'2009-06-23 00:00:00',2005,'U.de Santiago','I'),(489,'956-211-120-2','Teatro chileno',NULL,NULL,'2009-06-23 00:00:00',2005,'Chileamï¿œrica CESOC','I'),(490,'956-7159-62-9','Antologï¿œa Subjetiva',NULL,NULL,'2009-06-23 00:00:00',1996,'Red Internacional del Libro','I'),(491,'956-261-018-7','Teatro y dictadura',NULL,NULL,'2009-06-23 00:00:00',1994,'Ediciones documentos','I'),(492,'1-930744-08-0','\"Espacio urbano, violencia y comunicaciï¿œn en Amï¿œrica Latina\"',435,NULL,'2009-06-19 00:00:00',2002,'Pittsburg.PA:Instituto Internacional de Literatura Iberoamericana','2002'),(493,'8483101424','Salï¿œn de belleza',436,NULL,'2009-06-19 00:00:00',2000,'Tusquets','2000'),(494,'980-317-175-5','Ciudadanï¿œas del miedo',437,NULL,'2009-06-19 00:00:00',2000,'Editorial Nueva Sociedad','2000'),(495,'1205-7533','1983. Catalogue of the living BIVALVIA of the eastern Pacific Ocean: Bering Strait to C',NULL,NULL,'2009-05-31 00:00:00',1983,'Can. Spec. Publ. Fish. Aquat. Sci.','61'),(496,'13:978-84-8174-950-2','Epidemiologï¿œa y Bioestadï¿œstica: secretos',NULL,NULL,'2009-05-29 00:00:00',2006,'Elsevier Espaï¿œa S.A.','primera'),(497,'968-880-875-1','Principios d Microeconomï¿œa',NULL,NULL,'2009-05-28 00:00:00',2008,'Pearson educaciï¿œn','octava'),(498,'0025-3154','The provision of oxygen to developing eggs by female shore crabs (Carcinus maenas)',441,NULL,'2009-05-12 00:00:00',1981,'journal of the marine biological association of the UK','61'),(499,'978-0-674-53891-7','Looking at Cities',442,NULL,'2009-05-04 00:00:00',1985,'\"Cambridge, MA: Harvard University Press\"','1'),(500,'84-344-2148-8','La Regulacin Economica de los Servicios Publicos (2 Ejemplares)',145,NULL,'2009-03-17 00:00:00',1999,'Ariel','ultima disponible'),(501,'84-306-0477-4','La cultura: todo lo que hay que saber',443,NULL,'2009-03-06 00:00:00',2004,'Taurus ediciones','1ï¿œ'),(502,'84-335-2501-8','El Capitalismo y la moderna teorï¿œa social',NULL,NULL,'2009-02-27 00:00:00',1988,'Labor (Barcelona)','2'),(503,'978-956-8114-75-6','Dramaturgia chilena contemporï¿œnea. 7 autores.',NULL,NULL,'2009-02-26 00:00:00',2007,'Universidad Arcis','1ï¿œ'),(504,'9788445815618','Actividades de la vida diaria',446,NULL,'2009-02-26 00:00:00',2005,'Masson','1ï¿œ edicion'),(505,'9788445815618','Actividades de la vida diaria',446,NULL,'2009-02-26 00:00:00',2005,'Masson','1ï¿œ edicion'),(506,'84-8432-603-9','Arte poï¿œtica. Seis conferencias',NULL,NULL,'2009-02-25 00:00:00',2005,'Crï¿œtica','1ï¿œ'),(507,'956-8425-06-3','Miradas lastimeras no quiero',NULL,NULL,'2009-01-27 00:00:00',2006,'ciertopez','1ï¿œ'),(508,'956-8425-10-1','Ulises o no seguida de Frontera',NULL,NULL,'2009-01-27 00:00:00',2006,'ciertopez','1ï¿œ'),(509,'ISBN: 9788481749465','\"INTERRELACIONES NANDA, NIC Y NOC. Diagï¿œsticos enfermeros, resultados e intervenciones\"',NULL,NULL,'2009-01-23 00:00:00',2006,'elsevier','2ï¿œ ediciï¿œn'),(510,'9788877548603','A TALE OF TWO CITIES (15 COPIAS)',451,NULL,'2009-01-21 00:00:00',2008,'VICENS VIVES','READERS'),(511,'9781405077033','The Great Gatsby (15 copias)',452,NULL,'2009-01-20 00:00:00',2008,'Macmillan','Readers'),(512,'9781405076821','GREAT EXPECTATIONS',451,NULL,'2009-01-20 00:00:00',2008,'Macmillan','Readers'),(513,'978140500230026000','MOBY DICK (15 COPIAS)',453,NULL,'2009-01-20 00:00:00',2008,'Macmillan','Readers'),(514,'9781405077033','The Great Gatsby',452,NULL,'2009-01-20 00:00:00',2008,'Macmillan','Readers'),(515,'9781405077095','WUTHERING HEIGHTS (15 COPIAS)',454,NULL,'2009-01-20 00:00:00',2008,'Macmillan','Readers'),(516,'978140500230026000','MIDDLE MARCH (15 COPIAS)',455,NULL,'2009-01-20 00:00:00',2008,'Macmillan','Readers'),(517,'9781405080620','SENSE AND SENSIBILITY (15 COPIAS)',456,NULL,'2009-01-20 00:00:00',2008,'Macmillan','Readers'),(518,'9781405074544','EMMA (15 COPIAS)',456,NULL,'2009-01-20 00:00:00',2008,'Macmillan','Readers'),(519,'9781405080057','Teaching Reading Skills in a Foreign Language',457,NULL,'2009-01-19 00:00:00',2005,'Macmillan','Paperback'),(520,'9780521281546','Communicative Language Teaching',458,NULL,'2009-01-19 00:00:00',2000,'Cambridge University Press','paperback'),(521,'9780521799607','Laughing Matters',459,NULL,'2009-01-19 00:00:00',2005,'Cambridge University Press','Paperback'),(522,'9780521793773','Motivational Strategies in the language classroom',460,NULL,'2009-01-19 00:00:00',2004,'Cambridge University Press','paperback'),(523,'\'470712376','Organic Synthesis: The Disconnection Approach',461,NULL,'2009-01-13 00:00:00',2008,'John Wiley and Sons','Segunda'),(524,'978-1-904455-43-1','Acanthamoeba: Biology and Pathogenesis',NULL,NULL,'2008-12-16 00:00:00',2009,'Caister Academic Press','1ï¿œ ediciï¿œn'),(525,'8420540897','DIRECCION DE EMPRESAS INTERNACIONALES',NULL,NULL,'2008-11-13 00:00:00',2004,'PRENTICE HALL','1'),(526,'9702607639','Direccion de Marketing',NULL,NULL,'2008-11-13 00:00:00',2006,'Pearson','12'),(527,'838502784','Applied Biopharmaceutics and Pharmacokinetics',NULL,NULL,'2008-10-13 00:00:00',1999,'McGraw-Hill/Appleton & Lange','4'),(528,'9681669088','La etica protestante y espï¿œritu del capitalsmo',NULL,NULL,'2008-09-05 00:00:00',1975,'Fondo de Cultura Econï¿œmica','Segunda'),(529,'9681660269','TRATADO LATINOAMERICANO DE SOCIOLOGIA DEL TRABAJO',467,NULL,'2008-09-02 00:00:00',2002,'Fondo de Cultura Econï¿œmica','primera'),(530,'1-4051-0800-2','International Trade and Agriculture',468,NULL,'2008-08-19 00:00:00',2005,'Blackwell','Primera'),(531,'na','Veterinary Clinical Pathology. An integrated undergraduate course',469,NULL,'2008-07-22 00:00:00',2008,'informacion en: http://www.clinpathcd.com/','1ï¿œ'),(532,'978-956-284-530-4','NIIF vs PCGA en Chile',NULL,NULL,'2008-07-17 00:00:00',2007,'Edimetri Ril Editores','Primera'),(533,'8481747874','Clasificacion de intervenciones de Enfermeria',471,NULL,'2008-07-17 00:00:00',2004,'Elsevier','Cuarta'),(534,'8448605411','Planes de cuidados y documentaciï¿œn clï¿œnica en enfermerï¿œa',NULL,NULL,'2008-07-17 00:00:00',2005,'McGrawHill Interamericana','Cuarta'),(535,'8481747882','Clasificacion de resultados de Enfermeria',473,NULL,'2008-07-17 00:00:00',2005,'Elsevier','Tercera'),(536,'8480862017','Modelos y teorï¿œas en Enfermerï¿œa',474,NULL,'2008-07-17 00:00:00',2007,'Elsevier Mosby','Sexta'),(537,'8481746401','\"Diagnosticos enfermeros, resulatados e intervenciones: Interrelacin Nanda\"',NULL,NULL,'2008-07-17 00:00:00',2004,'Harcourt','ï¿œltima'),(538,'84-486-0230-7','\"Fundamentos de Enfermerï¿œa. Conceptos, proceso y prï¿œctica\"',476,NULL,'2008-05-08 00:00:00',1990,'Mc Grawhill. Interamericana','5ï¿œ ediciï¿œn'),(539,'444507566','Data analysis methods in physical oceanography',NULL,NULL,'2008-05-06 00:00:00',2001,'Elsevier','2da'),(540,'970-686-476-8','Administraciï¿œn moderna de personal',478,NULL,'2008-04-11 00:00:00',2007,'CENGAGE Learning (Pag. 25)','7ï¿œ'),(541,'970-686-031-2','Administraciï¿œn de producciï¿œn y operaciones',479,NULL,'2008-04-11 00:00:00',2000,'CENGAGE Learning (Pag. 22)','4ï¿œ'),(542,'970-686-229-3','Introducciï¿œn a la administraciï¿œn con un enfoque de sistemas',478,NULL,'2008-04-11 00:00:00',2003,'CENGAGE Learning (Pag 9)','4ï¿œ'),(543,'970-686-753-8','Teorï¿œa y diseï¿œo organizacional',130,NULL,'2008-04-11 00:00:00',2007,'CENGAGE Learning (Pag. 12)','9ï¿œ'),(544,'970-686-463-6','\"Liderazgo: Teoria, Aplicaciï¿œn y Desarrollo de Habilidades\"',481,NULL,'2008-04-11 00:00:00',2005,'CENGAGE Learning (Pag. 10)','2ï¿œ'),(545,'970-686-466-0','Direcciï¿œn moderna de organizaciones',478,NULL,'2008-04-11 00:00:00',2006,'CENGAGE Learning (Pag 5)','1ï¿œ'),(546,'970-686-500-4','Introduccion a la administracion',130,NULL,'2008-04-11 00:00:00',2006,'CENGAGE Learning (Pag. 13)','4ï¿œ'),(547,'970.686.813.5','Administraciï¿œn: Un enfoque basado en competencias',NULL,NULL,'2008-04-11 00:00:00',2008,'CENGAGE Learning (Pag 4)','11ï¿œ'),(548,'970-686-836-4','Administraciï¿œn y control de calidad',483,NULL,'2008-04-11 00:00:00',2008,'CENGAGE Learning (Pag. 22)','7ï¿œ'),(549,'970-686-623-X','Gestiï¿œn y conocimiento en organizaciones que aprenden',484,NULL,'2008-04-11 00:00:00',2006,'CENGAGE Learning (Pag. 16)','1ï¿œ'),(550,'970-686-814-3','\"Administraciï¿œn de operaciones: Bienes, Servicios y Cadenas de valor\"',363,NULL,'2008-04-11 00:00:00',2008,'CENGAGE Learning (Pag. 23)','2ï¿œ'),(551,'978-0-9688543-1-0','Environmental Psychology: Principles and Practice',486,NULL,'2008-04-04 00:00:00',2007,'Optimal Books','4th ediciï¿œon'),(552,'92/1/131811-4','State of the Worldï¿œs Cities Report 2006/7',487,NULL,'2008-04-04 00:00:00',2006,'Naciones Unidas','1'),(553,'9502304659','Armando Discepolo Obra dramï¿œtica II',NULL,NULL,'2008-04-02 00:00:00',1996,'Eudeba','1ï¿œ'),(554,'9502303539','Armando Discepolo Obra dramï¿œtica',NULL,NULL,'2008-04-02 00:00:00',1996,'Eudeba','1ï¿œ'),(555,'950-05-0864-8','Teatro Latinoamericano de los 70',NULL,NULL,'2008-04-02 00:00:00',1987,'Ed. del Corregidor','1ï¿œ'),(556,'950-556-349-3','Obra dramï¿œtica',NULL,NULL,'2008-04-02 00:00:00',1997,'Galerna','1ï¿œ'),(557,'950-05-1536-9','la Nona',NULL,NULL,'2008-04-02 00:00:00',1990,'ed.del Corregidor','1ï¿œ'),(558,'958-699-017-6','Introduccion a la ingenierï¿œa',491,NULL,'2008-03-26 00:00:00',2001,'Prentice Hall','1ï¿œ edicion'),(559,'978-1-55581-380-2','Diagnostic Medical Parasitology (solilcitar 3 ejemplares)',NULL,NULL,'2008-03-13 00:00:00',2006,'ASM Press','5th Edition'),(560,'978-1-55581-154-9','Practical Guide to Diagnostic Parasitology (solicitar 3 ejemplares)',492,NULL,'2008-03-13 00:00:00',1999,'ASM Press','1ï¿œ'),(561,'978-1-55581-147-1','The Microsporidia and Microsporidiosis',493,NULL,'2008-03-13 00:00:00',1999,'ASM Press','1ï¿œ'),(562,'978-84-8489-295-3','Teatro y poder en la ï¿œpoca de Carlos II. Fiestas en torno a...',NULL,NULL,'2008-03-05 00:00:00',2007,'Iberoamericana','1ï¿œ'),(563,'978-84-7635-717-0','Crï¿œtica del conocimiento litarario',NULL,NULL,'2008-03-05 00:00:00',2008,'Arco','1ï¿œ'),(564,'978-987-500-114-5','Reensamblar lo social',NULL,NULL,'2008-03-05 00:00:00',2008,'manantial - argentina','primera'),(565,'13-978-970-10-6106-0','Administraciï¿œn Financiera Internacional',497,NULL,'2008-01-21 00:00:00',2007,'McGraw-Hill Interamericana','4ta.'),(566,'8474327873','LA ESPERANZA DE PANDORA',NULL,NULL,'2007-12-11 00:00:00',2001,'GEDISA','primera'),(567,'9789871220854','NUNCA FUIMOS MODERNOS. ENSAYOS DE ANTROPOLOGï¿œA SIMï¿œTRICA',NULL,NULL,'2007-12-11 00:00:00',2007,'Siglo XXI','PRIMERA'),(568,'0-521-83641-7','Designing Economic Mechanisms',498,NULL,'2007-11-27 00:00:00',2006,'Cambridgr University Press','1a Edicion'),(569,'9789871283576','Antropologï¿œa de la imagen',499,NULL,'2007-11-12 00:00:00',2007,'Katz editores','Irrelevante'),(570,'999-999-999-9','Obras reunidas',500,NULL,'2007-10-11 00:00:00',2007,'Altazor (?)','I'),(571,'201180758','Digital image Processing',501,NULL,'2007-10-03 00:00:00',2002,'Prentice Hall','Second'),(572,'956-282-780-1','Teatro en Chile',502,NULL,'2007-09-10 00:00:00',2006,'LOM','1ï¿œ'),(573,'956-14-0689-6','Tï¿œCNICAS ARGUMENTATIVAS',503,NULL,'2007-08-27 00:00:00',2007,'Universidad Catï¿œlica','2ï¿œ'),(574,'321414527','Microeconomics',504,NULL,'2007-08-23 00:00:00',2006,'Addison Wesley','4'),(575,'9681859081','La Consultorï¿œa de Empresas',505,NULL,'2007-08-14 00:00:00',2000,'Limusa','3'),(576,'9682444241','Manual de Instalaciones a Gas',506,NULL,'2007-08-14 00:00:00',1998,'Trillas','ï¿œltima'),(577,'978-956-7173-27-3','Las especies arbï¿œreas de los bosques templados de Chile y Argentina.Autoecologï¿œa de',507,NULL,'2007-08-07 00:00:00',2006,'Marisa Cuneo Ediciones','primera'),(578,'9788480047128','Antropologï¿œa del parentesco y de la familia',NULL,NULL,'2007-07-30 00:00:00',2007,'\"Editorial Universitaria Ramï¿œn Areces, Madrid\"','Primera'),(579,'0 7506 57170','Urban design street and square',509,NULL,'2007-06-26 00:00:00',2003,'Architectural press','3'),(580,'0-87420-903-x','remaking the urban waterfront',510,NULL,'2007-06-21 00:00:00',2004,'Urban Land Institute','1 ediciï¿œn'),(581,'84-486-0484-9','Manual de Diagnï¿œsticos de Enfermerï¿œa (ediciï¿œn 11 o 10)',511,NULL,'2007-06-11 00:00:00',2007,'Mc Graww-Hill','11'),(582,'0','AUTOAPRENDIZAJE DE LA ELECTROCARDIOGRAFï¿œA',NULL,NULL,'2007-06-08 00:00:00',2003,'ED. UNIVERSIDAD DE CONCEPCIï¿œN','2ï¿œ'),(583,'956-220-214-3','MANUAL DE URGENCIAS Mï¿œDICAS',NULL,NULL,'2007-06-08 00:00:00',2002,'MEDITERRï¿œNEO','3ï¿œ'),(584,'844581759','Atlas de Anatomï¿œa Humana',NULL,NULL,'2007-06-08 00:00:00',2007,'ELSEVIER-MASSON','4ï¿œ'),(585,'987-98701-4-X','Vigilar y Castigar',325,NULL,'2007-05-04 00:00:00',1976,'Siglo XXI','primera'),(586,'968230118','Historia de la Sexualidad. Tres Volumenes',325,NULL,'2007-05-04 00:00:00',2005,'Siglo XXI','1976 primera ediciï¿œn'),(587,'978-956-8637-00-2','Auditorï¿œa tributaria',515,NULL,'2007-03-28 00:00:00',2007,'Edimetri','Primera'),(588,'950 - 641 - 123 - 9','Desarrollo del Talento Humano: Basado en Competencias',NULL,NULL,'2007-03-27 00:00:00',2005,'\"Granica, Buenos Aires\"','1ï¿œ'),(589,'950-641 - 317 - 7','Direcciï¿œn Estratï¿œgica de Recursos Humanos: Gestiï¿œn por Competencias',NULL,NULL,'2007-03-27 00:00:00',2005,'\"Granica, Buenos Aires\"','1ï¿œ - 6ï¿œ reimpresiï¿œn'),(590,'950-641-244-8','Recursos Humanos Champions',NULL,NULL,'2007-03-27 00:00:00',2004,'Granica; Buenos Aires','1ï¿œ - 5ï¿œ reimpresiï¿œn'),(591,'84-205-3673-3','La Gestiï¿œn Estratï¿œgica de los Recursos Humanos',NULL,NULL,'2007-03-27 00:00:00',2004,'Pearson - Prentice Hall; Madrid','segunda'),(592,'84-205-4570-8','Gestiï¿œn por Competencias. Un modelo estratï¿œgico para la direcciï¿œn de Recursos Humanos',519,NULL,'2007-03-27 00:00:00',2005,'F.T. Prentice Hall - Madrid','Primera'),(593,'970 - 26 - 0641 - 1','Administraciï¿œn de Recursos Humanos',520,NULL,'2007-03-27 00:00:00',2005,'Mexico D.F. Pearson Educaciï¿œn Prentice Hall','Novena'),(594,'84-7738-892-0','Como se comenta una obra de teatro.',NULL,NULL,'2007-03-22 00:00:00',2001,'Sï¿œntesis','1ï¿œ'),(595,'UKICGEB/bsf-id5920','Integrated food safety and veterinary public health',522,NULL,'2007-03-22 00:00:00',2006,'CABI','1'),(596,'84-7738-478-6','Historia breve de la poï¿œtica (Versiï¿œn Luis Alburquerque)',NULL,NULL,'2007-03-22 00:00:00',1997,'Sï¿œntesis','1ï¿œ'),(597,'8437503175','Teatro Chileno Contemporï¿œneo',NULL,NULL,'2007-03-19 00:00:00',1992,'Madrid: Fondo de Cultura Econï¿œmica','Primera'),(598,'8430625348','El teatro hispanoamericano',NULL,NULL,'2007-03-19 00:00:00',1988,'Madrid: Taurus','Primera'),(599,'987-584-052-1','Hacer ciudad la construcciï¿œn de las metrï¿œpolis',526,NULL,'2007-03-07 00:00:00',2006,'Nobuko','1 ediciï¿œn'),(600,'978-84-8019-657-4','FUNDAMENTOS DE LAS TECNICAS DE EVALUACION MUSCULO ESQUELETICAS',NULL,NULL,'2007-03-06 00:00:00',2002,'PAIDOTRIBO','1ï¿œ'),(601,'978-84-8019-830-1','RPG. PRINCIPIOS DE REEDUCACION POSTURAL GLOBAL',NULL,NULL,'2007-03-06 00:00:00',2005,'PAIDOTRIBO','3ï¿œ'),(602,'8480885947','MANUAL DE CONSULTORï¿œA',529,NULL,'2007-02-27 00:00:00',2001,'GESTION 2000','2 ED'),(603,'0','\"Robï¿œtica, Control, Detecciï¿œn, Visiï¿œn e Inteligencia\"',NULL,NULL,'2007-02-26 00:00:00',1990,'McGraw Hill','3'),(604,'9789702607724','Robï¿œtica',531,NULL,'2007-02-26 00:00:00',2006,'Pearson','Tercera'),(605,'8483222957','\"Redes Neuronales, Automï¿œtica y Robï¿œtica\"',532,NULL,'2007-02-26 00:00:00',2006,'Pearson','1'),(606,'0','Modeling and Control of Robot Manipulators',NULL,NULL,'2007-02-26 00:00:00',1996,'Mc Graw Hill','2'),(607,'8497322940','Fundamentos de los Computadores',534,NULL,'2007-02-26 00:00:00',2006,'PARANINFO','11'),(608,'8483222965','Teleoperaciï¿œn y Telerobï¿œtica',535,NULL,'2007-02-26 00:00:00',2006,'Pearson','1'),(609,'8420535745','Robots y Sistemas Sensoriales',536,NULL,'2007-02-26 00:00:00',2002,'Pearson','2'),(610,'8420529931','Organizaciï¿œn y Arquitectura de Computadores',537,NULL,'2007-02-26 00:00:00',2006,'Prentice Hall','5'),(611,'0','Fundamentos de Robï¿œtica',NULL,NULL,'2007-02-26 00:00:00',1997,'Mc GRaw Hill','2'),(612,'?','Transiciones de la Familia (REVISAR EDICIONES POSTERIORES A 2000)',539,NULL,'2007-01-11 00:00:00',1991,'AMORRORTU','?'),(613,'848174427-1','Enfermerï¿œa oncolï¿œgica',NULL,NULL,'2007-01-11 00:00:00',1999,'ELSEVIER','3ï¿œ'),(614,'844581082-0','500 cuestiones que plantea el cuidado del enfermo renal',NULL,NULL,'2007-01-10 00:00:00',2005,'ELSEVIER-MASSON','2 ï¿œ ed.'),(615,'844581159-2','Manual de Nefrologï¿œa Clï¿œnica',NULL,NULL,'2007-01-10 00:00:00',2002,'ELSEVIER-MASSON','1 ï¿œ ed.'),(616,'848174578-2','Manual de nefrologï¿œa clï¿œnica',NULL,NULL,'2007-01-10 00:00:00',2002,'ELSEVIER','2 ï¿œ ed.'),(617,'844581124-2','Manual de Diï¿œlisis',544,NULL,'2007-01-10 00:00:00',2003,'ELSEVIER-MASSON','2 ï¿œ ed.'),(618,'970-686-492-x','Fisica Moderna',545,NULL,'2006-12-13 00:00:00',2005,'Thomson Learning Publisher','tercera'),(619,'844581187-X','Epidemiologï¿œa Clï¿œnica: Aspectos Fundamentales',546,NULL,'2006-11-14 00:00:00',2003,'Masson','Segunda'),(620,'0-13-091836-9','Antropologï¿œa',NULL,NULL,'2006-08-29 00:00:00',2004,'Pearson -Prentice Hall','1'),(621,'84-460-0234-5','\"Arqueologï¿œa, teorï¿œas, mï¿œtodos y pract\"',NULL,NULL,'2006-08-29 00:00:00',1998,'AKAL','segunda'),(622,'956-244-071-0','\"Ambiente, bosques y gestiï¿œn forestal\"',549,NULL,'2006-08-29 00:00:00',2006,'LOM','1'),(623,'84-7754-126-4','Cï¿œmo se hace la historia oral',550,NULL,'2006-08-29 00:00:00',1994,'EUDEMA','1'),(624,'956-8303-02-2','Historia de los Antiguos Mapuches del',551,NULL,'2006-08-29 00:00:00',2003,'Catalonia','1'),(625,'970-613-147-7','Fï¿œsica general',NULL,NULL,'2006-08-21 00:00:00',2006,'Oxford University Press','ï¿œltima'),(626,'9701046544','Finanzas Corporativas',21,NULL,'2006-08-08 00:00:00',2005,'McGraw-Hill Interamericana','7a.'),(627,'8448146212','Principios de Finanzas Corporativas',NULL,NULL,'2006-08-08 00:00:00',2006,'McGraw-Hill Interamericana','8a.'),(628,'84-481-3527-X','Oleohidrï¿œulica',NULL,NULL,'2006-04-28 00:00:00',2002,'Mc Graw-Hill Profesional','1ï¿œ'),(629,'\"T I :970-26-0511-3 ,TII:970-26-0512-1\"','\"Fisica Universitaria ,tomos I y II\"',NULL,NULL,'2006-02-23 00:00:00',2004,'Addison_wesley','11'),(630,'8481747874','Clasificacion de Intervenciones de En',NULL,NULL,'2005-08-17 00:00:00',2005,'Elsevier - Mosby','4ï¿œ'),(631,'8481747068','Diagnosticos Enfermeros 2003-2004',557,NULL,'2005-08-17 00:00:00',2003,'Elsevier - Mosby','ï¿œltima'),(632,'8481747882','Clasificacion de Resultados de Enferm',558,NULL,'2005-08-17 00:00:00',2005,'Mosby- Elsevier','3ï¿œ'),(633,'0-393-73106-5','The urban design handbook Techniques',559,NULL,'2005-06-20 00:00:00',2003,'\"W.W. Norton And Company, INC\"','1'),(634,'0-631-23503-5','Designing Cities Critical readings in',560,NULL,'2005-06-20 00:00:00',2003,'Blackwell publishing','1'),(635,'hola','Diccionario de terminos contables fin',561,NULL,'2005-04-06 00:00:00',2005,'Edimetri','1ï¿œ');
/*!40000 ALTER TABLE `libros` ENABLE KEYS */;
UNLOCK TABLES;

--
-- Table structure for table `role`
--

DROP TABLE IF EXISTS `role`;
/*!40101 SET @saved_cs_client     = @@character_set_client */;
/*!50503 SET character_set_client = utf8mb4 */;
CREATE TABLE `role` (
  `idrole` int NOT NULL AUTO_INCREMENT,
  `Nombre` varchar(255) NOT NULL,
  PRIMARY KEY (`idrole`)
) ENGINE=InnoDB DEFAULT CHARSET=utf8mb4 COLLATE=utf8mb4_0900_ai_ci;
/*!40101 SET character_set_client = @saved_cs_client */;

--
-- Dumping data for table `role`
--

LOCK TABLES `role` WRITE;
/*!40000 ALTER TABLE `role` DISABLE KEYS */;
/*!40000 ALTER TABLE `role` ENABLE KEYS */;
UNLOCK TABLES;

--
-- Table structure for table `ubicacion`
--

DROP TABLE IF EXISTS `ubicacion`;
/*!40101 SET @saved_cs_client     = @@character_set_client */;
/*!50503 SET character_set_client = utf8mb4 */;
CREATE TABLE `ubicacion` (
  `idubicacion` int NOT NULL AUTO_INCREMENT,
  `ip` varchar(255) DEFAULT NULL,
  `typeip` varchar(255) DEFAULT NULL,
  `continent_code` varchar(255) DEFAULT NULL,
  `continent_name` varchar(255) DEFAULT NULL,
  `country_code` varchar(255) DEFAULT NULL,
  `country_name` varchar(255) DEFAULT NULL,
  `region_code` varchar(255) DEFAULT NULL,
  `region_name` varchar(255) DEFAULT NULL,
  `city` varchar(255) DEFAULT NULL,
  `zip` varchar(255) DEFAULT NULL,
  `country_flag` varchar(255) DEFAULT NULL,
  `latitude` varchar(255) DEFAULT NULL,
  `longitude` varchar(255) DEFAULT NULL,
  PRIMARY KEY (`idubicacion`)
) ENGINE=InnoDB AUTO_INCREMENT=6 DEFAULT CHARSET=utf8mb4 COLLATE=utf8mb4_0900_ai_ci;
/*!40101 SET character_set_client = @saved_cs_client */;

--
-- Dumping data for table `ubicacion`
--

LOCK TABLES `ubicacion` WRITE;
/*!40000 ALTER TABLE `ubicacion` DISABLE KEYS */;
INSERT INTO `ubicacion` VALUES (1,'187.147.246.74','ipv4','NA','North America','MX','Mexico','YUC','Yucatán','Mérida','97000','https://assets.ipstack.com/flags/mx.svg',NULL,NULL),(2,'187.147.246.74','ipv4','NA','North America','MX','Mexico','YUC','Yucatán','Mérida','97000','https://assets.ipstack.com/flags/mx.svg',NULL,NULL),(3,'187.147.246.74','ipv4','NA','North America','MX','Mexico','YUC','Yucatán','Mérida','97000','https://assets.ipstack.com/flags/mx.svg',NULL,NULL),(4,'187.155.152.104','ipv4','NA','North America','MX','Mexico','YUC','Yucatán','Mérida','97000','https://assets.ipstack.com/flags/mx.svg',NULL,NULL),(5,'187.155.152.104','ipv4','NA','North America','MX','Mexico','YUC','Yucatán','Mérida','97000','https://assets.ipstack.com/flags/mx.svg',NULL,NULL);
/*!40000 ALTER TABLE `ubicacion` ENABLE KEYS */;
UNLOCK TABLES;

--
-- Table structure for table `user`
--

DROP TABLE IF EXISTS `user`;
/*!40101 SET @saved_cs_client     = @@character_set_client */;
/*!50503 SET character_set_client = utf8mb4 */;
CREATE TABLE `user` (
  `iduser` int NOT NULL AUTO_INCREMENT,
  `nombre` varchar(255) NOT NULL,
  `apellido` varchar(255) DEFAULT NULL,
  `username` varchar(255) NOT NULL,
  `email` varchar(255) NOT NULL,
  `password` varchar(255) NOT NULL,
  PRIMARY KEY (`iduser`)
) ENGINE=InnoDB AUTO_INCREMENT=3 DEFAULT CHARSET=utf8mb4 COLLATE=utf8mb4_0900_ai_ci;
/*!40101 SET character_set_client = @saved_cs_client */;

--
-- Dumping data for table `user`
--

LOCK TABLES `user` WRITE;
/*!40000 ALTER TABLE `user` DISABLE KEYS */;
INSERT INTO `user` VALUES (1,'Jesus MAnuel','Varguez Bato','Varguez Bato','jmvarguez@hotmail.com','$2a$10$ChB8IgtDW7UnyfJtCB1.wOoDpBuVnGLJz1ej2u8FzLl1vVKQZ7a3C'),(2,'Jesus MAnuel','Varguez Bato','Varguez Bato','jmvarguez@ahotmail.com','$2a$10$6Bz80IoEdAXCySSs2eH7/.8W47iwCAsciQQdyBtEM/CfjKZ4cdFn6');
/*!40000 ALTER TABLE `user` ENABLE KEYS */;
UNLOCK TABLES;
/*!40103 SET TIME_ZONE=@OLD_TIME_ZONE */;

/*!40101 SET SQL_MODE=@OLD_SQL_MODE */;
/*!40014 SET FOREIGN_KEY_CHECKS=@OLD_FOREIGN_KEY_CHECKS */;
/*!40014 SET UNIQUE_CHECKS=@OLD_UNIQUE_CHECKS */;
/*!40101 SET CHARACTER_SET_CLIENT=@OLD_CHARACTER_SET_CLIENT */;
/*!40101 SET CHARACTER_SET_RESULTS=@OLD_CHARACTER_SET_RESULTS */;
/*!40101 SET COLLATION_CONNECTION=@OLD_COLLATION_CONNECTION */;
/*!40111 SET SQL_NOTES=@OLD_SQL_NOTES */;

-- Dump completed on 2024-01-02 20:10:44
